match_id,inning,batting_team,bowling_team,over,ball,batsman,non_striker,bowler,is_super_over,wide_runs,bye_runs,legbye_runs,noball_runs,penalty_runs,batsman_runs,extra_runs,total_runs,player_dismissed,dismissal_kind,fielder
1,1,Chennai Super Kings,Royal Challengers Bangalore,0,1,RD Gaikwad,Rachin Ravindra,RM Patidar,0,0,0,0,0,0,1,0,1,,,
1,1,Chennai Super Kings,Royal Challengers Bangalore,0,2,Rachin Ravindra,D Conway,V Kohli,0,0,0,0,0,0,2,0,2,,,
1,1,Chennai Super Kings,Royal Challengers Bangalore,0,3,D Conway,RD Gaikwad,F du Plessis,0,0,0,0,0,0,0,0,0,,,
1,1,Chennai Super Kings,Royal Challengers Bangalore,0,4,RD Gaikwad,Rachin Ravindra,RM Patidar,0,0,0,0,0,0,4,0,4,,,
1,1,Chennai Super Kings,Royal Challengers Bangalore,0,5,Rachin Ravindra,D Conway,V Kohli,0,0,0,0,0,0,1,0,1,,,
1,1,Chennai Super Kings,Royal Challengers Bangalore,0,6,D Conway,RD Gaikwad,F du Plessis,0,0,0,0,0,0,6,0,6,,,
1,1,Chennai Super Kings,Royal Challengers Bangalore,1,1,RD Gaikwad,Rachin Ravindra,RM Patidar,0,0,0,0,0,0,1,0,1,,,
1,1,Chennai Super Kings,Royal Challengers Bangalore,1,2,Rachin Ravindra,D Conway,V Kohli,0,0,0,0,0,0,2,0,2,,,
1,1,Chennai Super Kings,Royal Challengers Bangalore,1,3,D Conway,RD Gaikwad,F du Plessis,0,0,0,0,0,0,0,0,0,,,
1,1,Chennai Super Kings,Royal Challengers Bangalore,1,4,RD Gaikwad,Rachin Ravindra,RM Patidar,0,0,0,0,0,0,4,0,4,,,
1,1,Chennai Super Kings,Royal Challengers Bangalore,1,5,Rachin Ravindra,D Conway,V Kohli,0,0,0,0,0,0,1,0,1,,,
1,1,Chennai Super Kings,Royal Challengers Bangalore,1,6,D Conway,RD Gaikwad,F du Plessis,0,0,0,0,0,0,6,0,6,,,
1,1,Chennai Super Kings,Royal Challengers Bangalore,2,1,RD Gaikwad,Rachin Ravindra,RM Patidar,0,0,0,0,0,0,1,0,1,,,
1,1,Chennai Super Kings,Royal Challengers Bangalore,2,2,Rachin Ravindra,D Conway,V Kohli,0,0,0,0,0,0,2,0,2,,,
1,1,Chennai Super Kings,Royal Challengers Bangalore,2,3,D Conway,RD Gaikwad,F du Plessis,0,0,0,0,0,0,0,0,0,,,
1,1,Chennai Super Kings,Royal Challengers Bangalore,2,4,RD Gaikwad,Rachin Ravindra,RM Patidar,0,0,0,0,0,0,4,0,4,,,
1,1,Chennai Super Kings,Royal Challengers Bangalore,2,5,Rachin Ravindra,D Conway,V Kohli,0,0,0,0,0,0,1,0,1,,,
1,1,Chennai Super Kings,Royal Challengers Bangalore,2,6,D Conway,RD Gaikwad,F du Plessis,0,0,0,0,0,0,6,0,6,,,
1,1,Chennai Super Kings,Royal Challengers Bangalore,3,1,RD Gaikwad,Rachin Ravindra,RM Patidar,0,0,0,0,0,0,1,0,1,,,
1,1,Chennai Super Kings,Royal Challengers Bangalore,3,2,Rachin Ravindra,D Conway,V Kohli,0,0,0,0,0,0,2,0,2,,,
1,1,Chennai Super Kings,Royal Challengers Bangalore,3,3,D Conway,RD Gaikwad,F du Plessis,0,0,0,0,0,0,0,0,0,,,
1,1,Chennai Super Kings,Royal Challengers Bangalore,3,4,RD Gaikwad,Rachin Ravindra,RM Patidar,0,0,0,0,0,0,4,0,4,,,
1,1,Chennai Super Kings,Royal Challengers Bangalore,3,5,Rachin Ravindra,D Conway,V Kohli,0,0,0,0,0,0,1,0,1,,,
1,1,Chennai Super Kings,Royal Challengers Bangalore,3,6,D Conway,RD Gaikwad,F du Plessis,0,0,0,0,0,0,6,0,6,,,
1,1,Chennai Super Kings,Royal Challengers Bangalore,4,1,RD Gaikwad,Rachin Ravindra,RM Patidar,0,0,0,0,0,0,1,0,1,,,
1,1,Chennai Super Kings,Royal Challengers Bangalore,4,2,Rachin Ravindra,D Conway,V Kohli,0,0,0,0,0,0,2,0,2,,,
1,1,Chennai Super Kings,Royal Challengers Bangalore,4,3,D Conway,RD Gaikwad,F du Plessis,0,0,0,0,0,0,0,0,0,,,
1,1,Chennai Super Kings,Royal Challengers Bangalore,4,4,RD Gaikwad,Rachin Ravindra,RM Patidar,0,0,0,0,0,0,4,0,4,,,
1,1,Chennai Super Kings,Royal Challengers Bangalore,4,5,Rachin Ravindra,D Conway,V Kohli,0,0,0,0,0,0,1,0,1,,,
1,1,Chennai Super Kings,Royal Challengers Bangalore,4,6,D Conway,RD Gaikwad,F du Plessis,0,0,0,0,0,0,6,0,6,,,
1,1,Chennai Super Kings,Royal Challengers Bangalore,5,1,RD Gaikwad,Rachin Ravindra,RM Patidar,0,0,0,0,0,0,1,0,1,,,
1,1,Chennai Super Kings,Royal Challengers Bangalore,5,2,Rachin Ravindra,D Conway,V Kohli,0,0,0,0,0,0,2,0,2,,,
1,1,Chennai Super Kings,Royal Challengers Bangalore,5,3,D Conway,RD Gaikwad,F du Plessis,0,0,0,0,0,0,0,0,0,,,
1,1,Chennai Super Kings,Royal Challengers Bangalore,5,4,RD Gaikwad,Rachin Ravindra,RM Patidar,0,0,0,0,0,0,4,0,4,,,
1,1,Chennai Super Kings,Royal Challengers Bangalore,5,5,Rachin Ravindra,D Conway,V Kohli,0,0,0,0,0,0,1,0,1,,,
1,1,Chennai Super Kings,Royal Challengers Bangalore,5,6,D Conway,RD Gaikwad,F du Plessis,0,0,0,0,0,0,6,0,6,,,
1,1,Chennai Super Kings,Royal Challengers Bangalore,6,1,RD Gaikwad,Rachin Ravindra,RM Patidar,0,0,0,0,0,0,1,0,1,,,
1,1,Chennai Super Kings,Royal Challengers Bangalore,6,2,Rachin Ravindra,D Conway,V Kohli,0,0,0,0,0,0,2,0,2,,,
1,1,Chennai Super Kings,Royal Challengers Bangalore,6,3,D Conway,RD Gaikwad,F du Plessis,0,0,0,0,0,0,0,0,0,,,
1,1,Chennai Super Kings,Royal Challengers Bangalore,6,4,RD Gaikwad,Rachin Ravindra,RM Patidar,0,0,0,0,0,0,4,0,4,,,
1,1,Chennai Super Kings,Royal Challengers Bangalore,6,5,Rachin Ravindra,D Conway,V Kohli,0,0,0,0,0,0,1,0,1,,,
1,1,Chennai Super Kings,Royal Challengers Bangalore,6,6,D Conway,RD Gaikwad,F du Plessis,0,0,0,0,0,0,6,0,6,,,
1,1,Chennai Super Kings,Royal Challengers Bangalore,7,1,RD Gaikwad,Rachin Ravindra,RM Patidar,0,0,0,0,0,0,1,0,1,,,
1,1,Chennai Super Kings,Royal Challengers Bangalore,7,2,Rachin Ravindra,D Conway,V Kohli,0,0,0,0,0,0,2,0,2,,,
1,1,Chennai Super Kings,Royal Challengers Bangalore,7,3,D Conway,RD Gaikwad,F du Plessis,0,0,0,0,0,0,0,0,0,,,
1,1,Chennai Super Kings,Royal Challengers Bangalore,7,4,RD Gaikwad,Rachin Ravindra,RM Patidar,0,0,0,0,0,0,4,0,4,,,
1,1,Chennai Super Kings,Royal Challengers Bangalore,7,5,Rachin Ravindra,D Conway,V Kohli,0,0,0,0,0,0,1,0,1,,,
1,1,Chennai Super Kings,Royal Challengers Bangalore,7,6,D Conway,RD Gaikwad,F du Plessis,0,0,0,0,0,0,6,0,6,,,
1,1,Chennai Super Kings,Royal Challengers Bangalore,8,1,RD Gaikwad,Rachin Ravindra,RM Patidar,0,0,0,0,0,0,1,0,1,,,
1,1,Chennai Super Kings,Royal Challengers Bangalore,8,2,Rachin Ravindra,D Conway,V Kohli,0,0,0,0,0,0,2,0,2,,,
1,1,Chennai Super Kings,Royal Challengers Bangalore,8,3,D Conway,RD Gaikwad,F du Plessis,0,0,0,0,0,0,0,0,0,,,
1,1,Chennai Super Kings,Royal Challengers Bangalore,8,4,RD Gaikwad,Rachin Ravindra,RM Patidar,0,0,0,0,0,0,4,0,4,,,
1,1,Chennai Super Kings,Royal Challengers Bangalore,8,5,Rachin Ravindra,D Conway,V Kohli,0,0,0,0,0,0,1,0,1,,,
1,1,Chennai Super Kings,Royal Challengers Bangalore,8,6,D Conway,RD Gaikwad,F du Plessis,0,0,0,0,0,0,6,0,6,,,
1,1,Chennai Super Kings,Royal Challengers Bangalore,9,1,RD Gaikwad,Rachin Ravindra,RM Patidar,0,0,0,0,0,0,1,0,1,,,
1,1,Chennai Super Kings,Royal Challengers Bangalore,9,2,Rachin Ravindra,D Conway,V Kohli,0,0,0,0,0,0,2,0,2,,,
1,1,Chennai Super Kings,Royal Challengers Bangalore,9,3,D Conway,RD Gaikwad,F du Plessis,0,0,0,0,0,0,0,0,0,RD Gaikwad,caught,
1,1,Chennai Super Kings,Royal Challengers Bangalore,9,4,RD Gaikwad,Rachin Ravindra,RM Patidar,0,0,0,0,0,0,4,0,4,,,
1,1,Chennai Super Kings,Royal Challengers Bangalore,9,5,Rachin Ravindra,D Conway,V Kohli,0,0,0,0,0,0,1,0,1,,,
1,1,Chennai Super Kings,Royal Challengers Bangalore,9,6,D Conway,RD Gaikwad,F du Plessis,0,0,0,0,0,0,6,0,6,,,
1,1,Chennai Super Kings,Royal Challengers Bangalore,10,1,RD Gaikwad,Rachin Ravindra,RM Patidar,0,0,0,0,0,0,1,0,1,,,
1,1,Chennai Super Kings,Royal Challengers Bangalore,10,2,Rachin Ravindra,D Conway,V Kohli,0,0,0,0,0,0,2,0,2,,,
1,1,Chennai Super Kings,Royal Challengers Bangalore,10,3,D Conway,RD Gaikwad,F du Plessis,0,0,0,0,0,0,0,0,0,,,
1,1,Chennai Super Kings,Royal Challengers Bangalore,10,4,RD Gaikwad,Rachin Ravindra,RM Patidar,0,0,0,0,0,0,4,0,4,,,
1,1,Chennai Super Kings,Royal Challengers Bangalore,10,5,Rachin Ravindra,D Conway,V Kohli,0,0,0,0,0,0,1,0,1,,,
1,1,Chennai Super Kings,Royal Challengers Bangalore,10,6,D Conway,RD Gaikwad,F du Plessis,0,0,0,0,0,0,6,0,6,,,
1,1,Chennai Super Kings,Royal Challengers Bangalore,11,1,RD Gaikwad,Rachin Ravindra,RM Patidar,0,0,0,0,0,0,1,0,1,,,
1,1,Chennai Super Kings,Royal Challengers Bangalore,11,2,Rachin Ravindra,D Conway,V Kohli,0,0,0,0,0,0,2,0,2,,,
1,1,Chennai Super Kings,Royal Challengers Bangalore,11,3,D Conway,RD Gaikwad,F du Plessis,0,0,0,0,0,0,0,0,0,,,
1,1,Chennai Super Kings,Royal Challengers Bangalore,11,4,RD Gaikwad,Rachin Ravindra,RM Patidar,0,0,0,0,0,0,4,0,4,,,
1,1,Chennai Super Kings,Royal Challengers Bangalore,11,5,Rachin Ravindra,D Conway,V Kohli,0,0,0,0,0,0,1,0,1,,,
1,1,Chennai Super Kings,Royal Challengers Bangalore,11,6,D Conway,RD Gaikwad,F du Plessis,0,0,0,0,0,0,6,0,6,,,
1,1,Chennai Super Kings,Royal Challengers Bangalore,12,1,RD Gaikwad,Rachin Ravindra,RM Patidar,0,0,0,0,0,0,6,0,6,,,
1,2,Royal Challengers Bangalore,Chennai Super Kings,0,1,F du Plessis,RM Patidar,RD Gaikwad,0,0,0,0,0,0,2,0,2,,,
1,2,Royal Challengers Bangalore,Chennai Super Kings,0,2,RM Patidar,V Kohli,Rachin Ravindra,0,0,0,0,0,0,0,0,0,,,
1,2,Royal Challengers Bangalore,Chennai Super Kings,0,3,V Kohli,F du Plessis,D Conway,0,0,0,0,0,0,4,0,4,,,
1,2,Royal Challengers Bangalore,Chennai Super Kings,0,4,F du Plessis,RM Patidar,RD Gaikwad,0,0,0,0,0,0,1,0,1,,,
1,2,Royal Challengers Bangalore,Chennai Super Kings,0,5,RM Patidar,V Kohli,Rachin Ravindra,0,0,0,0,0,0,6,0,6,,,
1,2,Royal Challengers Bangalore,Chennai Super Kings,0,6,V Kohli,F du Plessis,D Conway,0,0,0,0,0,0,1,0,1,,,
1,2,Royal Challengers Bangalore,Chennai Super Kings,1,1,F du Plessis,RM Patidar,RD Gaikwad,0,0,0,0,0,0,2,0,2,,,
1,2,Royal Challengers Bangalore,Chennai Super Kings,1,2,RM Patidar,V Kohli,Rachin Ravindra,0,0,0,0,0,0,0,0,0,,,
1,2,Royal Challengers Bangalore,Chennai Super Kings,1,3,V Kohli,F du Plessis,D Conway,0,0,0,0,0,0,4,0,4,,,
1,2,Royal Challengers Bangalore,Chennai Super Kings,1,4,F du Plessis,RM Patidar,RD Gaikwad,0,0,0,0,0,0,1,0,1,,,
1,2,Royal Challengers Bangalore,Chennai Super Kings,1,5,RM Patidar,V Kohli,Rachin Ravindra,0,0,0,0,0,0,6,0,6,,,
1,2,Royal Challengers Bangalore,Chennai Super Kings,1,6,V Kohli,F du Plessis,D Conway,0,0,0,0,0,0,1,0,1,,,
1,2,Royal Challengers Bangalore,Chennai Super Kings,2,1,F du Plessis,RM Patidar,RD Gaikwad,0,0,0,0,0,0,2,0,2,,,
1,2,Royal Challengers Bangalore,Chennai Super Kings,2,2,RM Patidar,V Kohli,Rachin Ravindra,0,0,0,0,0,0,0,0,0,,,
1,2,Royal Challengers Bangalore,Chennai Super Kings,2,3,V Kohli,F du Plessis,D Conway,0,0,0,0,0,0,4,0,4,,,
1,2,Royal Challengers Bangalore,Chennai Super Kings,2,4,F du Plessis,RM Patidar,RD Gaikwad,0,0,0,0,0,0,1,0,1,,,
1,2,Royal Challengers Bangalore,Chennai Super Kings,2,5,RM Patidar,V Kohli,Rachin Ravindra,0,0,0,0,0,0,6,0,6,,,
1,2,Royal Challengers Bangalore,Chennai Super Kings,2,6,V Kohli,F du Plessis,D Conway,0,0,0,0,0,0,1,0,1,,,
1,2,Royal Challengers Bangalore,Chennai Super Kings,3,1,F du Plessis,RM Patidar,RD Gaikwad,0,0,0,0,0,0,2,0,2,,,
1,2,Royal Challengers Bangalore,Chennai Super Kings,3,2,RM Patidar,V Kohli,Rachin Ravindra,0,0,0,0,0,0,0,0,0,,,
1,2,Royal Challengers Bangalore,Chennai Super Kings,3,3,V Kohli,F du Plessis,D Conway,0,0,0,0,0,0,4,0,4,,,
1,2,Royal Challengers Bangalore,Chennai Super Kings,3,4,F du Plessis,RM Patidar,RD Gaikwad,0,0,0,0,0,0,1,0,1,,,
1,2,Royal Challengers Bangalore,Chennai Super Kings,3,5,RM Patidar,V Kohli,Rachin Ravindra,0,0,0,0,0,0,6,0,6,,,
1,2,Royal Challengers Bangalore,Chennai Super Kings,3,6,V Kohli,F du Plessis,D Conway,0,0,0,0,0,0,1,0,1,,,
1,2,Royal Challengers Bangalore,Chennai Super Kings,4,1,F du Plessis,RM Patidar,RD Gaikwad,0,0,0,0,0,0,2,0,2,,,
1,2,Royal Challengers Bangalore,Chennai Super Kings,4,2,RM Patidar,V Kohli,Rachin Ravindra,0,0,0,0,0,0,0,0,0,,,
1,2,Royal Challengers Bangalore,Chennai Super Kings,4,3,V Kohli,F du Plessis,D Conway,0,0,0,0,0,0,4,0,4,,,
1,2,Royal Challengers Bangalore,Chennai Super Kings,4,4,F du Plessis,RM Patidar,RD Gaikwad,0,0,0,0,0,0,1,0,1,,,
1,2,Royal Challengers Bangalore,Chennai Super Kings,4,5,RM Patidar,V Kohli,Rachin Ravindra,0,0,0,0,0,0,6,0,6,,,
1,2,Royal Challengers Bangalore,Chennai Super Kings,4,6,V Kohli,F du Plessis,D Conway,0,0,0,0,0,0,1,0,1,,,
1,2,Royal Challengers Bangalore,Chennai Super Kings,5,1,F du Plessis,RM Patidar,RD Gaikwad,0,0,0,0,0,0,2,0,2,,,
1,2,Royal Challengers Bangalore,Chennai Super Kings,5,2,RM Patidar,V Kohli,Rachin Ravindra,0,0,0,0,0,0,0,0,0,,,
1,2,Royal Challengers Bangalore,Chennai Super Kings,5,3,V Kohli,F du Plessis,D Conway,0,0,0,0,0,0,4,0,4,,,
1,2,Royal Challengers Bangalore,Chennai Super Kings,5,4,F du Plessis,RM Patidar,RD Gaikwad,0,0,0,0,0,0,1,0,1,,,
1,2,Royal Challengers Bangalore,Chennai Super Kings,5,5,RM Patidar,V Kohli,Rachin Ravindra,0,0,0,0,0,0,6,0,6,,,
1,2,Royal Challengers Bangalore,Chennai Super Kings,5,6,V Kohli,F du Plessis,D Conway,0,0,0,0,0,0,1,0,1,,,
1,2,Royal Challengers Bangalore,Chennai Super Kings,6,1,F du Plessis,RM Patidar,RD Gaikwad,0,0,0,0,0,0,2,0,2,,,
1,2,Royal Challengers Bangalore,Chennai Super Kings,6,2,RM Patidar,V Kohli,Rachin Ravindra,0,0,0,0,0,0,0,0,0,,,
1,2,Royal Challengers Bangalore,Chennai Super Kings,6,3,V Kohli,F du Plessis,D Conway,0,0,0,0,0,0,4,0,4,,,
1,2,Royal Challengers Bangalore,Chennai Super Kings,6,4,F du Plessis,RM Patidar,RD Gaikwad,0,0,0,0,0,0,1,0,1,,,
1,2,Royal Challengers Bangalore,Chennai Super Kings,6,5,RM Patidar,V Kohli,Rachin Ravindra,0,0,0,0,0,0,6,0,6,,,
1,2,Royal Challengers Bangalore,Chennai Super Kings,6,6,V Kohli,F du Plessis,D Conway,0,0,0,0,0,0,1,0,1,,,
1,2,Royal Challengers Bangalore,Chennai Super Kings,7,1,F du Plessis,RM Patidar,RD Gaikwad,0,0,0,0,0,0,2,0,2,,,
1,2,Royal Challengers Bangalore,Chennai Super Kings,7,2,RM Patidar,V Kohli,Rachin Ravindra,0,0,0,0,0,0,0,0,0,,,
1,2,Royal Challengers Bangalore,Chennai Super Kings,7,3,V Kohli,F du Plessis,D Conway,0,0,0,0,0,0,4,0,4,,,
1,2,Royal Challengers Bangalore,Chennai Super Kings,7,4,F du Plessis,RM Patidar,RD Gaikwad,0,0,0,0,0,0,1,0,1,,,
1,2,Royal Challengers Bangalore,Chennai Super Kings,7,5,RM Patidar,V Kohli,Rachin Ravindra,0,0,0,0,0,0,6,0,6,,,
1,2,Royal Challengers Bangalore,Chennai Super Kings,7,6,V Kohli,F du Plessis,D Conway,0,0,0,0,0,0,1,0,1,,,
1,2,Royal Challengers Bangalore,Chennai Super Kings,8,1,F du Plessis,RM Patidar,RD Gaikwad,0,0,0,0,0,0,2,0,2,,,
1,2,Royal Challengers Bangalore,Chennai Super Kings,8,2,RM Patidar,V Kohli,Rachin Ravindra,0,0,0,0,0,0,0,0,0,,,
1,2,Royal Challengers Bangalore,Chennai Super Kings,8,3,V Kohli,F du Plessis,D Conway,0,0,0,0,0,0,4,0,4,,,
1,2,Royal Challengers Bangalore,Chennai Super Kings,8,4,F du Plessis,RM Patidar,RD Gaikwad,0,0,0,0,0,0,1,0,1,,,
1,2,Royal Challengers Bangalore,Chennai Super Kings,8,5,RM Patidar,V Kohli,Rachin Ravindra,0,0,0,0,0,0,6,0,6,,,
1,2,Royal Challengers Bangalore,Chennai Super Kings,8,6,V Kohli,F du Plessis,D Conway,0,0,0,0,0,0,1,0,1,,,
1,2,Royal Challengers Bangalore,Chennai Super Kings,9,1,F du Plessis,RM Patidar,RD Gaikwad,0,0,0,0,0,0,2,0,2,,,
1,2,Royal Challengers Bangalore,Chennai Super Kings,9,2,RM Patidar,V Kohli,Rachin Ravindra,0,0,0,0,0,0,0,0,0,,,
1,2,Royal Challengers Bangalore,Chennai Super Kings,9,3,V Kohli,F du Plessis,D Conway,0,0,0,0,0,0,4,0,4,,,
1,2,Royal Challengers Bangalore,Chennai Super Kings,9,4,F du Plessis,RM Patidar,RD Gaikwad,0,0,0,0,0,0,1,0,1,,,
1,2,Royal Challengers Bangalore,Chennai Super Kings,9,5,RM Patidar,V Kohli,Rachin Ravindra,0,0,0,0,0,0,6,0,6,,,
1,2,Royal Challengers Bangalore,Chennai Super Kings,9,6,V Kohli,F du Plessis,D Conway,0,0,0,0,0,0,1,0,1,,,
1,2,Royal Challengers Bangalore,Chennai Super Kings,10,1,F du Plessis,RM Patidar,RD Gaikwad,0,0,0,0,0,0,2,0,2,,,
1,2,Royal Challengers Bangalore,Chennai Super Kings,10,2,RM Patidar,V Kohli,Rachin Ravindra,0,0,0,0,0,0,0,0,0,,,
1,2,Royal Challengers Bangalore,Chennai Super Kings,10,3,V Kohli,F du Plessis,D Conway,0,0,0,0,0,0,4,0,4,,,
1,2,Royal Challengers Bangalore,Chennai Super Kings,10,4,F du Plessis,RM Patidar,RD Gaikwad,0,0,0,0,0,0,1,0,1,,,
1,2,Royal Challengers Bangalore,Chennai Super Kings,10,5,RM Patidar,V Kohli,Rachin Ravindra,0,0,0,0,0,0,6,0,6,,,
1,2,Royal Challengers Bangalore,Chennai Super Kings,10,6,V Kohli,F du Plessis,D Conway,0,0,0,0,0,0,1,0,1,,,
1,2,Royal Challengers Bangalore,Chennai Super Kings,11,1,F du Plessis,RM Patidar,RD Gaikwad,0,0,0,0,0,0,2,0,2,,,
1,2,Royal Challengers Bangalore,Chennai Super Kings,11,2,RM Patidar,V Kohli,Rachin Ravindra,0,0,0,0,0,0,0,0,0,,,
1,2,Royal Challengers Bangalore,Chennai Super Kings,11,3,V Kohli,F du Plessis,D Conway,0,0,0,0,0,0,4,0,4,,,
1,2,Royal Challengers Bangalore,Chennai Super Kings,11,4,F du Plessis,RM Patidar,RD Gaikwad,0,0,0,0,0,0,1,0,1,,,
1,2,Royal Challengers Bangalore,Chennai Super Kings,11,5,RM Patidar,V Kohli,Rachin Ravindra,0,0,0,0,0,0,6,0,6,,,
1,2,Royal Challengers Bangalore,Chennai Super Kings,11,6,V Kohli,F du Plessis,D Conway,0,0,0,0,0,0,1,0,1,,,
2,1,Punjab Kings,Delhi Capitals,0,1,S Dhawan,JM Bairstow,DA Warner,0,0,0,0,0,0,2,0,2,,,
2,1,Punjab Kings,Delhi Capitals,0,2,JM Bairstow,SM Curran,PP Shaw,0,0,0,0,0,0,0,0,0,,,
2,1,Punjab Kings,Delhi Capitals,0,3,SM Curran,S Dhawan,RR Pant,0,0,0,0,0,0,4,0,4,,,
2,1,Punjab Kings,Delhi Capitals,0,4,S Dhawan,JM Bairstow,DA Warner,0,0,0,0,0,0,1,0,1,,,
2,1,Punjab Kings,Delhi Capitals,0,5,JM Bairstow,SM Curran,PP Shaw,0,0,0,0,0,0,6,0,6,,,
2,1,Punjab Kings,Delhi Capitals,0,6,SM Curran,S Dhawan,RR Pant,0,0,0,0,0,0,1,0,1,,,
2,1,Punjab Kings,Delhi Capitals,1,1,S Dhawan,JM Bairstow,DA Warner,0,0,0,0,0,0,2,0,2,,,
2,1,Punjab Kings,Delhi Capitals,1,2,JM Bairstow,SM Curran,PP Shaw,0,0,0,0,0,0,0,0,0,,,
2,1,Punjab Kings,Delhi Capitals,1,3,SM Curran,S Dhawan,RR Pant,0,0,0,0,0,0,4,0,4,,,
2,1,Punjab Kings,Delhi Capitals,1,4,S Dhawan,JM Bairstow,DA Warner,0,0,0,0,0,0,1,0,1,,,
2,1,Punjab Kings,Delhi Capitals,1,5,JM Bairstow,SM Curran,PP Shaw,0,0,0,0,0,0,6,0,6,,,
2,1,Punjab Kings,Delhi Capitals,1,6,SM Curran,S Dhawan,RR Pant,0,0,0,0,0,0,1,0,1,,,
2,1,Punjab Kings,Delhi Capitals,2,1,S Dhawan,JM Bairstow,DA Warner,0,0,0,0,0,0,2,0,2,,,
2,1,Punjab Kings,Delhi Capitals,2,2,JM Bairstow,SM Curran,PP Shaw,0,0,0,0,0,0,0,0,0,,,
2,1,Punjab Kings,Delhi Capitals,2,3,SM Curran,S Dhawan,RR Pant,0,0,0,0,0,0,4,0,4,,,
2,1,Punjab Kings,Delhi Capitals,2,4,S Dhawan,JM Bairstow,DA Warner,0,0,0,0,0,0,1,0,1,,,
2,1,Punjab Kings,Delhi Capitals,2,5,JM Bairstow,SM Curran,PP Shaw,0,0,0,0,0,0,6,0,6,,,
2,1,Punjab Kings,Delhi Capitals,2,6,SM Curran,S Dhawan,RR Pant,0,0,0,0,0,0,1,0,1,,,
2,1,Punjab Kings,Delhi Capitals,3,1,S Dhawan,JM Bairstow,DA Warner,0,0,0,0,0,0,2,0,2,,,
2,1,Punjab Kings,Delhi Capitals,3,2,JM Bairstow,SM Curran,PP Shaw,0,0,0,0,0,0,0,0,0,,,
2,1,Punjab Kings,Delhi Capitals,3,3,SM Curran,S Dhawan,RR Pant,0,0,0,0,0,0,4,0,4,,,
2,1,Punjab Kings,Delhi Capitals,3,4,S Dhawan,JM Bairstow,DA Warner,0,0,0,0,0,0,1,0,1,,,
2,1,Punjab Kings,Delhi Capitals,3,5,JM Bairstow,SM Curran,PP Shaw,0,0,0,0,0,0,6,0,6,,,
2,1,Punjab Kings,Delhi Capitals,3,6,SM Curran,S Dhawan,RR Pant,0,0,0,0,0,0,1,0,1,,,
2,1,Punjab Kings,Delhi Capitals,4,1,S Dhawan,JM Bairstow,DA Warner,0,0,0,0,0,0,2,0,2,,,
2,1,Punjab Kings,Delhi Capitals,4,2,JM Bairstow,SM Curran,PP Shaw,0,0,0,0,0,0,0,0,0,SM Curran,caught,
2,1,Punjab Kings,Delhi Capitals,4,3,SM Curran,S Dhawan,RR Pant,0,0,0,0,0,0,4,0,4,,,
2,1,Punjab Kings,Delhi Capitals,4,4,S Dhawan,JM Bairstow,DA Warner,0,0,0,0,0,0,1,0,1,,,
2,1,Punjab Kings,Delhi Capitals,4,5,JM Bairstow,SM Curran,PP Shaw,0,0,0,0,0,0,6,0,6,,,
2,1,Punjab Kings,Delhi Capitals,4,6,SM Curran,S Dhawan,RR Pant,0,0,0,0,0,0,1,0,1,,,
2,1,Punjab Kings,Delhi Capitals,5,1,S Dhawan,JM Bairstow,DA Warner,0,0,0,0,0,0,2,0,2,,,
2,1,Punjab Kings,Delhi Capitals,5,2,JM Bairstow,SM Curran,PP Shaw,0,0,0,0,0,0,0,0,0,,,
2,1,Punjab Kings,Delhi Capitals,5,3,SM Curran,S Dhawan,RR Pant,0,0,0,0,0,0,4,0,4,,,
2,1,Punjab Kings,Delhi Capitals,5,4,S Dhawan,JM Bairstow,DA Warner,0,0,0,0,0,0,1,0,1,,,
2,1,Punjab Kings,Delhi Capitals,5,5,JM Bairstow,SM Curran,PP Shaw,0,0,0,0,0,0,6,0,6,,,
2,1,Punjab Kings,Delhi Capitals,5,6,SM Curran,S Dhawan,RR Pant,0,0,0,0,0,0,1,0,1,,,
2,1,Punjab Kings,Delhi Capitals,6,1,S Dhawan,JM Bairstow,DA Warner,0,0,0,0,0,0,2,0,2,,,
2,1,Punjab Kings,Delhi Capitals,6,2,JM Bairstow,SM Curran,PP Shaw,0,0,0,0,0,0,0,0,0,,,
2,1,Punjab Kings,Delhi Capitals,6,3,SM Curran,S Dhawan,RR Pant,0,0,0,0,0,0,4,0,4,,,
2,1,Punjab Kings,Delhi Capitals,6,4,S Dhawan,JM Bairstow,DA Warner,0,0,0,0,0,0,1,0,1,,,
2,1,Punjab Kings,Delhi Capitals,6,5,JM Bairstow,SM Curran,PP Shaw,0,0,0,0,0,0,6,0,6,,,
2,1,Punjab Kings,Delhi Capitals,6,6,SM Curran,S Dhawan,RR Pant,0,0,0,0,0,0,1,0,1,,,
2,1,Punjab Kings,Delhi Capitals,7,1,S Dhawan,JM Bairstow,DA Warner,0,0,0,0,0,0,2,0,2,,,
2,1,Punjab Kings,Delhi Capitals,7,2,JM Bairstow,SM Curran,PP Shaw,0,0,0,0,0,0,0,0,0,,,
2,1,Punjab Kings,Delhi Capitals,7,3,SM Curran,S Dhawan,RR Pant,0,0,0,0,0,0,4,0,4,,,
2,1,Punjab Kings,Delhi Capitals,7,4,S Dhawan,JM Bairstow,DA Warner,0,0,0,0,0,0,1,0,1,,,
2,1,Punjab Kings,Delhi Capitals,7,5,JM Bairstow,SM Curran,PP Shaw,0,0,0,0,0,0,6,0,6,,,
2,1,Punjab Kings,Delhi Capitals,7,6,SM Curran,S Dhawan,RR Pant,0,0,0,0,0,0,1,0,1,,,
2,1,Punjab Kings,Delhi Capitals,8,1,S Dhawan,JM Bairstow,DA Warner,0,0,0,0,0,0,2,0,2,,,
2,1,Punjab Kings,Delhi Capitals,8,2,JM Bairstow,SM Curran,PP Shaw,0,0,0,0,0,0,0,0,0,,,
2,1,Punjab Kings,Delhi Capitals,8,3,SM Curran,S Dhawan,RR Pant,0,0,0,0,0,0,4,0,4,,,
2,1,Punjab Kings,Delhi Capitals,8,4,S Dhawan,JM Bairstow,DA Warner,0,0,0,0,0,0,1,0,1,,,
2,1,Punjab Kings,Delhi Capitals,8,5,JM Bairstow,SM Curran,PP Shaw,0,0,0,0,0,0,6,0,6,,,
2,1,Punjab Kings,Delhi Capitals,8,6,SM Curran,S Dhawan,RR Pant,0,0,0,0,0,0,1,0,1,,,
2,1,Punjab Kings,Delhi Capitals,9,1,S Dhawan,JM Bairstow,DA Warner,0,0,0,0,0,0,2,0,2,,,
2,1,Punjab Kings,Delhi Capitals,9,2,JM Bairstow,SM Curran,PP Shaw,0,0,0,0,0,0,0,0,0,,,
2,1,Punjab Kings,Delhi Capitals,9,3,SM Curran,S Dhawan,RR Pant,0,0,0,0,0,0,4,0,4,,,
2,1,Punjab Kings,Delhi Capitals,9,4,S Dhawan,JM Bairstow,DA Warner,0,0,0,0,0,0,1,0,1,,,
2,1,Punjab Kings,Delhi Capitals,9,5,JM Bairstow,SM Curran,PP Shaw,0,0,0,0,0,0,6,0,6,,,
2,1,Punjab Kings,Delhi Capitals,9,6,SM Curran,S Dhawan,RR Pant,0,0,0,0,0,0,1,0,1,,,
2,1,Punjab Kings,Delhi Capitals,10,1,S Dhawan,JM Bairstow,DA Warner,0,0,0,0,0,0,2,0,2,,,
2,1,Punjab Kings,Delhi Capitals,10,2,JM Bairstow,SM Curran,PP Shaw,0,0,0,0,0,0,0,0,0,,,
2,1,Punjab Kings,Delhi Capitals,10,3,SM Curran,S Dhawan,RR Pant,0,0,0,0,0,0,4,0,4,,,
2,1,Punjab Kings,Delhi Capitals,10,4,S Dhawan,JM Bairstow,DA Warner,0,0,0,0,0,0,1,0,1,,,
2,1,Punjab Kings,Delhi Capitals,10,5,JM Bairstow,SM Curran,PP Shaw,0,0,0,0,0,0,6,0,6,,,
2,1,Punjab Kings,Delhi Capitals,10,6,SM Curran,S Dhawan,RR Pant,0,0,0,0,0,0,1,0,1,,,
2,1,Punjab Kings,Delhi Capitals,11,1,S Dhawan,JM Bairstow,DA Warner,0,0,0,0,0,0,2,0,2,,,
2,1,Punjab Kings,Delhi Capitals,11,2,JM Bairstow,SM Curran,PP Shaw,0,0,0,0,0,0,0,0,0,,,
2,1,Punjab Kings,Delhi Capitals,11,3,SM Curran,S Dhawan,RR Pant,0,0,0,0,0,0,4,0,4,,,
2,1,Punjab Kings,Delhi Capitals,11,4,S Dhawan,JM Bairstow,DA Warner,0,0,0,0,0,0,1,0,1,,,
2,1,Punjab Kings,Delhi Capitals,11,5,JM Bairstow,SM Curran,PP Shaw,0,0,0,0,0,0,6,0,6,,,
2,1,Punjab Kings,Delhi Capitals,11,6,SM Curran,S Dhawan,RR Pant,0,0,0,0,0,0,1,0,1,,,
2,1,Punjab Kings,Delhi Capitals,12,1,S Dhawan,JM Bairstow,DA Warner,0,0,0,0,0,0,2,0,2,,,
2,1,Punjab Kings,Delhi Capitals,12,2,JM Bairstow,SM Curran,PP Shaw,0,0,0,0,0,0,0,0,0,,,
2,1,Punjab Kings,Delhi Capitals,12,3,SM Curran,S Dhawan,RR Pant,0,0,0,0,0,0,4,0,4,,,
2,1,Punjab Kings,Delhi Capitals,12,4,S Dhawan,JM Bairstow,DA Warner,0,0,0,0,0,0,3,0,3,,,
2,2,Delhi Capitals,Punjab Kings,0,1,RR Pant,DA Warner,S Dhawan,0,0,0,0,0,0,6,0,6,,,
2,2,Delhi Capitals,Punjab Kings,0,2,DA Warner,PP Shaw,JM Bairstow,0,0,0,0,0,0,1,0,1,,,
2,2,Delhi Capitals,Punjab Kings,0,3,PP Shaw,RR Pant,SM Curran,0,0,0,0,0,0,2,0,2,,,
2,2,Delhi Capitals,Punjab Kings,0,4,RR Pant,DA Warner,S Dhawan,0,0,0,0,0,0,0,0,0,,,
2,2,Delhi Capitals,Punjab Kings,0,5,DA Warner,PP Shaw,JM Bairstow,0,0,0,0,0,0,4,0,4,,,
2,2,Delhi Capitals,Punjab Kings,0,6,PP Shaw,RR Pant,SM Curran,0,0,0,0,0,0,1,0,1,,,
2,2,Delhi Capitals,Punjab Kings,1,1,RR Pant,DA Warner,S Dhawan,0,0,0,0,0,0,6,0,6,,,
2,2,Delhi Capitals,Punjab Kings,1,2,DA Warner,PP Shaw,JM Bairstow,0,0,0,0,0,0,1,0,1,,,
2,2,Delhi Capitals,Punjab Kings,1,3,PP Shaw,RR Pant,SM Curran,0,0,0,0,0,0,2,0,2,,,
2,2,Delhi Capitals,Punjab Kings,1,4,RR Pant,DA Warner,S Dhawan,0,0,0,0,0,0,0,0,0,,,
2,2,Delhi Capitals,Punjab Kings,1,5,DA Warner,PP Shaw,JM Bairstow,0,0,0,0,0,0,4,0,4,,,
2,2,Delhi Capitals,Punjab Kings,1,6,PP Shaw,RR Pant,SM Curran,0,0,0,0,0,0,1,0,1,,,
2,2,Delhi Capitals,Punjab Kings,2,1,RR Pant,DA Warner,S Dhawan,0,0,0,0,0,0,6,0,6,,,
2,2,Delhi Capitals,Punjab Kings,2,2,DA Warner,PP Shaw,JM Bairstow,0,0,0,0,0,0,1,0,1,,,
2,2,Delhi Capitals,Punjab Kings,2,3,PP Shaw,RR Pant,SM Curran,0,0,0,0,0,0,2,0,2,,,
2,2,Delhi Capitals,Punjab Kings,2,4,RR Pant,DA Warner,S Dhawan,0,0,0,0,0,0,0,0,0,,,
2,2,Delhi Capitals,Punjab Kings,2,5,DA Warner,PP Shaw,JM Bairstow,0,0,0,0,0,0,4,0,4,,,
2,2,Delhi Capitals,Punjab Kings,2,6,PP Shaw,RR Pant,SM Curran,0,0,0,0,0,0,1,0,1,,,
2,2,Delhi Capitals,Punjab Kings,3,1,RR Pant,DA Warner,S Dhawan,0,0,0,0,0,0,6,0,6,,,
2,2,Delhi Capitals,Punjab Kings,3,2,DA Warner,PP Shaw,JM Bairstow,0,0,0,0,0,0,1,0,1,,,
2,2,Delhi Capitals,Punjab Kings,3,3,PP Shaw,RR Pant,SM Curran,0,0,0,0,0,0,2,0,2,,,
2,2,Delhi Capitals,Punjab Kings,3,4,RR Pant,DA Warner,S Dhawan,0,0,0,0,0,0,0,0,0,,,
2,2,Delhi Capitals,Punjab Kings,3,5,DA Warner,PP Shaw,JM Bairstow,0,0,0,0,0,0,4,0,4,,,
2,2,Delhi Capitals,Punjab Kings,3,6,PP Shaw,RR Pant,SM Curran,0,0,0,0,0,0,1,0,1,,,
2,2,Delhi Capitals,Punjab Kings,4,1,RR Pant,DA Warner,S Dhawan,0,0,0,0,0,0,6,0,6,,,
2,2,Delhi Capitals,Punjab Kings,4,2,DA Warner,PP Shaw,JM Bairstow,0,0,0,0,0,0,1,0,1,,,
2,2,Delhi Capitals,Punjab Kings,4,3,PP Shaw,RR Pant,SM Curran,0,0,0,0,0,0,2,0,2,,,
2,2,Delhi Capitals,Punjab Kings,4,4,RR Pant,DA Warner,S Dhawan,0,0,0,0,0,0,0,0,0,,,
2,2,Delhi Capitals,Punjab Kings,4,5,DA Warner,PP Shaw,JM Bairstow,0,0,0,0,0,0,4,0,4,,,
2,2,Delhi Capitals,Punjab Kings,4,6,PP Shaw,RR Pant,SM Curran,0,0,0,0,0,0,1,0,1,,,
2,2,Delhi Capitals,Punjab Kings,5,1,RR Pant,DA Warner,S Dhawan,0,0,0,0,0,0,6,0,6,,,
2,2,Delhi Capitals,Punjab Kings,5,2,DA Warner,PP Shaw,JM Bairstow,0,0,0,0,0,0,1,0,1,,,
2,2,Delhi Capitals,Punjab Kings,5,3,PP Shaw,RR Pant,SM Curran,0,0,0,0,0,0,2,0,2,,,
2,2,Delhi Capitals,Punjab Kings,5,4,RR Pant,DA Warner,S Dhawan,0,0,0,0,0,0,0,0,0,,,
2,2,Delhi Capitals,Punjab Kings,5,5,DA Warner,PP Shaw,JM Bairstow,0,0,0,0,0,0,4,0,4,,,
2,2,Delhi Capitals,Punjab Kings,5,6,PP Shaw,RR Pant,SM Curran,0,0,0,0,0,0,1,0,1,,,
2,2,Delhi Capitals,Punjab Kings,6,1,RR Pant,DA Warner,S Dhawan,0,0,0,0,0,0,6,0,6,,,
2,2,Delhi Capitals,Punjab Kings,6,2,DA Warner,PP Shaw,JM Bairstow,0,0,0,0,0,0,1,0,1,,,
2,2,Delhi Capitals,Punjab Kings,6,3,PP Shaw,RR Pant,SM Curran,0,0,0,0,0,0,2,0,2,,,
2,2,Delhi Capitals,Punjab Kings,6,4,RR Pant,DA Warner,S Dhawan,0,0,0,0,0,0,0,0,0,,,
2,2,Delhi Capitals,Punjab Kings,6,5,DA Warner,PP Shaw,JM Bairstow,0,0,0,0,0,0,4,0,4,,,
2,2,Delhi Capitals,Punjab Kings,6,6,PP Shaw,RR Pant,SM Curran,0,0,0,0,0,0,1,0,1,,,
2,2,Delhi Capitals,Punjab Kings,7,1,RR Pant,DA Warner,S Dhawan,0,0,0,0,0,0,6,0,6,,,
2,2,Delhi Capitals,Punjab Kings,7,2,DA Warner,PP Shaw,JM Bairstow,0,0,0,0,0,0,1,0,1,,,
2,2,Delhi Capitals,Punjab Kings,7,3,PP Shaw,RR Pant,SM Curran,0,0,0,0,0,0,2,0,2,,,
2,2,Delhi Capitals,Punjab Kings,7,4,RR Pant,DA Warner,S Dhawan,0,0,0,0,0,0,0,0,0,,,
2,2,Delhi Capitals,Punjab Kings,7,5,DA Warner,PP Shaw,JM Bairstow,0,0,0,0,0,0,4,0,4,,,
2,2,Delhi Capitals,Punjab Kings,7,6,PP Shaw,RR Pant,SM Curran,0,0,0,0,0,0,1,0,1,,,
2,2,Delhi Capitals,Punjab Kings,8,1,RR Pant,DA Warner,S Dhawan,0,0,0,0,0,0,6,0,6,,,
2,2,Delhi Capitals,Punjab Kings,8,2,DA Warner,PP Shaw,JM Bairstow,0,0,0,0,0,0,1,0,1,,,
2,2,Delhi Capitals,Punjab Kings,8,3,PP Shaw,RR Pant,SM Curran,0,0,0,0,0,0,2,0,2,,,
2,2,Delhi Capitals,Punjab Kings,8,4,RR Pant,DA Warner,S Dhawan,0,0,0,0,0,0,0,0,0,,,
2,2,Delhi Capitals,Punjab Kings,8,5,DA Warner,PP Shaw,JM Bairstow,0,0,0,0,0,0,4,0,4,,,
2,2,Delhi Capitals,Punjab Kings,8,6,PP Shaw,RR Pant,SM Curran,0,0,0,0,0,0,1,0,1,,,
2,2,Delhi Capitals,Punjab Kings,9,1,RR Pant,DA Warner,S Dhawan,0,0,0,0,0,0,6,0,6,,,
2,2,Delhi Capitals,Punjab Kings,9,2,DA Warner,PP Shaw,JM Bairstow,0,0,0,0,0,0,1,0,1,,,
2,2,Delhi Capitals,Punjab Kings,9,3,PP Shaw,RR Pant,SM Curran,0,0,0,0,0,0,2,0,2,,,
2,2,Delhi Capitals,Punjab Kings,9,4,RR Pant,DA Warner,S Dhawan,0,0,0,0,0,0,0,0,0,,,
2,2,Delhi Capitals,Punjab Kings,9,5,DA Warner,PP Shaw,JM Bairstow,0,0,0,0,0,0,4,0,4,,,
2,2,Delhi Capitals,Punjab Kings,9,6,PP Shaw,RR Pant,SM Curran,0,0,0,0,0,0,1,0,1,,,
2,2,Delhi Capitals,Punjab Kings,10,1,RR Pant,DA Warner,S Dhawan,0,0,0,0,0,0,6,0,6,,,
2,2,Delhi Capitals,Punjab Kings,10,2,DA Warner,PP Shaw,JM Bairstow,0,0,0,0,0,0,1,0,1,,,
2,2,Delhi Capitals,Punjab Kings,10,3,PP Shaw,RR Pant,SM Curran,0,0,0,0,0,0,2,0,2,,,
2,2,Delhi Capitals,Punjab Kings,10,4,RR Pant,DA Warner,S Dhawan,0,0,0,0,0,0,0,0,0,DA Warner,caught,
2,2,Delhi Capitals,Punjab Kings,10,5,DA Warner,PP Shaw,JM Bairstow,0,0,0,0,0,0,4,0,4,,,
2,2,Delhi Capitals,Punjab Kings,10,6,PP Shaw,RR Pant,SM Curran,0,0,0,0,0,0,1,0,1,,,
2,2,Delhi Capitals,Punjab Kings,11,1,RR Pant,DA Warner,S Dhawan,0,0,0,0,0,0,6,0,6,,,
2,2,Delhi Capitals,Punjab Kings,11,2,DA Warner,PP Shaw,JM Bairstow,0,0,0,0,0,0,1,0,1,,,
2,2,Delhi Capitals,Punjab Kings,11,3,PP Shaw,RR Pant,SM Curran,0,0,0,0,0,0,2,0,2,,,
2,2,Delhi Capitals,Punjab Kings,11,4,RR Pant,DA Warner,S Dhawan,0,0,0,0,0,0,0,0,0,,,
2,2,Delhi Capitals,Punjab Kings,11,5,DA Warner,PP Shaw,JM Bairstow,0,0,0,0,0,0,4,0,4,,,
2,2,Delhi Capitals,Punjab Kings,11,6,PP Shaw,RR Pant,SM Curran,0,0,0,0,0,0,6,0,6,,,
3,1,Kolkata Knight Riders,Sunrisers Hyderabad,0,1,AD Russell,PD Salt,Abhishek Sharma,0,0,0,0,0,0,6,0,6,,,
3,1,Kolkata Knight Riders,Sunrisers Hyderabad,0,2,PD Salt,SP Narine,H Klaasen,0,0,0,0,0,0,1,0,1,,,
3,1,Kolkata Knight Riders,Sunrisers Hyderabad,0,3,SP Narine,AD Russell,TM Head,0,0,0,0,0,0,2,0,2,,,
3,1,Kolkata Knight Riders,Sunrisers Hyderabad,0,4,AD Russell,PD Salt,Abhishek Sharma,0,0,0,0,0,0,0,0,0,,,
3,1,Kolkata Knight Riders,Sunrisers Hyderabad,0,5,PD Salt,SP Narine,H Klaasen,0,0,0,0,0,0,4,0,4,,,
3,1,Kolkata Knight Riders,Sunrisers Hyderabad,0,6,SP Narine,AD Russell,TM Head,0,0,0,0,0,0,1,0,1,,,
3,1,Kolkata Knight Riders,Sunrisers Hyderabad,1,1,AD Russell,PD Salt,Abhishek Sharma,0,0,0,0,0,0,6,0,6,,,
3,1,Kolkata Knight Riders,Sunrisers Hyderabad,1,2,PD Salt,SP Narine,H Klaasen,0,0,0,0,0,0,1,0,1,,,
3,1,Kolkata Knight Riders,Sunrisers Hyderabad,1,3,SP Narine,AD Russell,TM Head,0,0,0,0,0,0,2,0,2,,,
3,1,Kolkata Knight Riders,Sunrisers Hyderabad,1,4,AD Russell,PD Salt,Abhishek Sharma,0,0,0,0,0,0,0,0,0,,,
3,1,Kolkata Knight Riders,Sunrisers Hyderabad,1,5,PD Salt,SP Narine,H Klaasen,0,0,0,0,0,0,4,0,4,,,
3,1,Kolkata Knight Riders,Sunrisers Hyderabad,1,6,SP Narine,AD Russell,TM Head,0,0,0,0,0,0,1,0,1,,,
3,1,Kolkata Knight Riders,Sunrisers Hyderabad,2,1,AD Russell,PD Salt,Abhishek Sharma,0,0,0,0,0,0,6,0,6,,,
3,1,Kolkata Knight Riders,Sunrisers Hyderabad,2,2,PD Salt,SP Narine,H Klaasen,0,0,0,0,0,0,1,0,1,,,
3,1,Kolkata Knight Riders,Sunrisers Hyderabad,2,3,SP Narine,AD Russell,TM Head,0,0,0,0,0,0,2,0,2,,,
3,1,Kolkata Knight Riders,Sunrisers Hyderabad,2,4,AD Russell,PD Salt,Abhishek Sharma,0,0,0,0,0,0,0,0,0,,,
3,1,Kolkata Knight Riders,Sunrisers Hyderabad,2,5,PD Salt,SP Narine,H Klaasen,0,0,0,0,0,0,4,0,4,,,
3,1,Kolkata Knight Riders,Sunrisers Hyderabad,2,6,SP Narine,AD Russell,TM Head,0,0,0,0,0,0,1,0,1,,,
3,1,Kolkata Knight Riders,Sunrisers Hyderabad,3,1,AD Russell,PD Salt,Abhishek Sharma,0,0,0,0,0,0,6,0,6,,,
3,1,Kolkata Knight Riders,Sunrisers Hyderabad,3,2,PD Salt,SP Narine,H Klaasen,0,0,0,0,0,0,1,0,1,,,
3,1,Kolkata Knight Riders,Sunrisers Hyderabad,3,3,SP Narine,AD Russell,TM Head,0,0,0,0,0,0,2,0,2,,,
3,1,Kolkata Knight Riders,Sunrisers Hyderabad,3,4,AD Russell,PD Salt,Abhishek Sharma,0,0,0,0,0,0,0,0,0,,,
3,1,Kolkata Knight Riders,Sunrisers Hyderabad,3,5,PD Salt,SP Narine,H Klaasen,0,0,0,0,0,0,4,0,4,,,
3,1,Kolkata Knight Riders,Sunrisers Hyderabad,3,6,SP Narine,AD Russell,TM Head,0,0,0,0,0,0,1,0,1,,,
3,1,Kolkata Knight Riders,Sunrisers Hyderabad,4,1,AD Russell,PD Salt,Abhishek Sharma,0,0,0,0,0,0,6,0,6,,,
3,1,Kolkata Knight Riders,Sunrisers Hyderabad,4,2,PD Salt,SP Narine,H Klaasen,0,0,0,0,0,0,1,0,1,,,
3,1,Kolkata Knight Riders,Sunrisers Hyderabad,4,3,SP Narine,AD Russell,TM Head,0,0,0,0,0,0,2,0,2,,,
3,1,Kolkata Knight Riders,Sunrisers Hyderabad,4,4,AD Russell,PD Salt,Abhishek Sharma,0,0,0,0,0,0,0,0,0,,,
3,1,Kolkata Knight Riders,Sunrisers Hyderabad,4,5,PD Salt,SP Narine,H Klaasen,0,0,0,0,0,0,4,0,4,,,
3,1,Kolkata Knight Riders,Sunrisers Hyderabad,4,6,SP Narine,AD Russell,TM Head,0,0,0,0,0,0,1,0,1,,,
3,1,Kolkata Knight Riders,Sunrisers Hyderabad,5,1,AD Russell,PD Salt,Abhishek Sharma,0,0,0,0,0,0,6,0,6,,,
3,1,Kolkata Knight Riders,Sunrisers Hyderabad,5,2,PD Salt,SP Narine,H Klaasen,0,0,0,0,0,0,1,0,1,,,
3,1,Kolkata Knight Riders,Sunrisers Hyderabad,5,3,SP Narine,AD Russell,TM Head,0,0,0,0,0,0,2,0,2,,,
3,1,Kolkata Knight Riders,Sunrisers Hyderabad,5,4,AD Russell,PD Salt,Abhishek Sharma,0,0,0,0,0,0,0,0,0,,,
3,1,Kolkata Knight Riders,Sunrisers Hyderabad,5,5,PD Salt,SP Narine,H Klaasen,0,0,0,0,0,0,4,0,4,,,
3,1,Kolkata Knight Riders,Sunrisers Hyderabad,5,6,SP Narine,AD Russell,TM Head,0,0,0,0,0,0,1,0,1,,,
3,1,Kolkata Knight Riders,Sunrisers Hyderabad,6,1,AD Russell,PD Salt,Abhishek Sharma,0,0,0,0,0,0,6,0,6,,,
3,1,Kolkata Knight Riders,Sunrisers Hyderabad,6,2,PD Salt,SP Narine,H Klaasen,0,0,0,0,0,0,1,0,1,,,
3,1,Kolkata Knight Riders,Sunrisers Hyderabad,6,3,SP Narine,AD Russell,TM Head,0,0,0,0,0,0,2,0,2,,,
3,1,Kolkata Knight Riders,Sunrisers Hyderabad,6,4,AD Russell,PD Salt,Abhishek Sharma,0,0,0,0,0,0,0,0,0,,,
3,1,Kolkata Knight Riders,Sunrisers Hyderabad,6,5,PD Salt,SP Narine,H Klaasen,0,0,0,0,0,0,4,0,4,,,
3,1,Kolkata Knight Riders,Sunrisers Hyderabad,6,6,SP Narine,AD Russell,TM Head,0,0,0,0,0,0,1,0,1,,,
3,1,Kolkata Knight Riders,Sunrisers Hyderabad,7,1,AD Russell,PD Salt,Abhishek Sharma,0,0,0,0,0,0,6,0,6,,,
3,1,Kolkata Knight Riders,Sunrisers Hyderabad,7,2,PD Salt,SP Narine,H Klaasen,0,0,0,0,0,0,1,0,1,,,
3,1,Kolkata Knight Riders,Sunrisers Hyderabad,7,3,SP Narine,AD Russell,TM Head,0,0,0,0,0,0,2,0,2,,,
3,1,Kolkata Knight Riders,Sunrisers Hyderabad,7,4,AD Russell,PD Salt,Abhishek Sharma,0,0,0,0,0,0,0,0,0,,,
3,1,Kolkata Knight Riders,Sunrisers Hyderabad,7,5,PD Salt,SP Narine,H Klaasen,0,0,0,0,0,0,4,0,4,,,
3,1,Kolkata Knight Riders,Sunrisers Hyderabad,7,6,SP Narine,AD Russell,TM Head,0,0,0,0,0,0,1,0,1,,,
3,1,Kolkata Knight Riders,Sunrisers Hyderabad,8,1,AD Russell,PD Salt,Abhishek Sharma,0,0,0,0,0,0,6,0,6,,,
3,1,Kolkata Knight Riders,Sunrisers Hyderabad,8,2,PD Salt,SP Narine,H Klaasen,0,0,0,0,0,0,1,0,1,,,
3,1,Kolkata Knight Riders,Sunrisers Hyderabad,8,3,SP Narine,AD Russell,TM Head,0,0,0,0,0,0,2,0,2,,,
3,1,Kolkata Knight Riders,Sunrisers Hyderabad,8,4,AD Russell,PD Salt,Abhishek Sharma,0,0,0,0,0,0,0,0,0,,,
3,1,Kolkata Knight Riders,Sunrisers Hyderabad,8,5,PD Salt,SP Narine,H Klaasen,0,0,0,0,0,0,4,0,4,,,
3,1,Kolkata Knight Riders,Sunrisers Hyderabad,8,6,SP Narine,AD Russell,TM Head,0,0,0,0,0,0,1,0,1,,,
3,1,Kolkata Knight Riders,Sunrisers Hyderabad,9,1,AD Russell,PD Salt,Abhishek Sharma,0,0,0,0,0,0,6,0,6,,,
3,1,Kolkata Knight Riders,Sunrisers Hyderabad,9,2,PD Salt,SP Narine,H Klaasen,0,0,0,0,0,0,1,0,1,,,
3,1,Kolkata Knight Riders,Sunrisers Hyderabad,9,3,SP Narine,AD Russell,TM Head,0,0,0,0,0,0,2,0,2,,,
3,1,Kolkata Knight Riders,Sunrisers Hyderabad,9,4,AD Russell,PD Salt,Abhishek Sharma,0,0,0,0,0,0,0,0,0,,,
3,1,Kolkata Knight Riders,Sunrisers Hyderabad,9,5,PD Salt,SP Narine,H Klaasen,0,0,0,0,0,0,4,0,4,,,
3,1,Kolkata Knight Riders,Sunrisers Hyderabad,9,6,SP Narine,AD Russell,TM Head,0,0,0,0,0,0,1,0,1,,,
3,1,Kolkata Knight Riders,Sunrisers Hyderabad,10,1,AD Russell,PD Salt,Abhishek Sharma,0,0,0,0,0,0,6,0,6,,,
3,1,Kolkata Knight Riders,Sunrisers Hyderabad,10,2,PD Salt,SP Narine,H Klaasen,0,0,0,0,0,0,1,0,1,,,
3,1,Kolkata Knight Riders,Sunrisers Hyderabad,10,3,SP Narine,AD Russell,TM Head,0,0,0,0,0,0,2,0,2,,,
3,1,Kolkata Knight Riders,Sunrisers Hyderabad,10,4,AD Russell,PD Salt,Abhishek Sharma,0,0,0,0,0,0,0,0,0,,,
3,1,Kolkata Knight Riders,Sunrisers Hyderabad,10,5,PD Salt,SP Narine,H Klaasen,0,0,0,0,0,0,4,0,4,,,
3,1,Kolkata Knight Riders,Sunrisers Hyderabad,10,6,SP Narine,AD Russell,TM Head,0,0,0,0,0,0,1,0,1,,,
3,1,Kolkata Knight Riders,Sunrisers Hyderabad,11,1,AD Russell,PD Salt,Abhishek Sharma,0,0,0,0,0,0,6,0,6,,,
3,1,Kolkata Knight Riders,Sunrisers Hyderabad,11,2,PD Salt,SP Narine,H Klaasen,0,0,0,0,0,0,1,0,1,,,
3,1,Kolkata Knight Riders,Sunrisers Hyderabad,11,3,SP Narine,AD Russell,TM Head,0,0,0,0,0,0,2,0,2,,,
3,1,Kolkata Knight Riders,Sunrisers Hyderabad,11,4,AD Russell,PD Salt,Abhishek Sharma,0,0,0,0,0,0,0,0,0,,,
3,1,Kolkata Knight Riders,Sunrisers Hyderabad,11,5,PD Salt,SP Narine,H Klaasen,0,0,0,0,0,0,4,0,4,,,
3,1,Kolkata Knight Riders,Sunrisers Hyderabad,11,6,SP Narine,AD Russell,TM Head,0,0,0,0,0,0,1,0,1,,,
3,1,Kolkata Knight Riders,Sunrisers Hyderabad,12,1,AD Russell,PD Salt,Abhishek Sharma,0,0,0,0,0,0,6,0,6,,,
3,1,Kolkata Knight Riders,Sunrisers Hyderabad,12,2,PD Salt,SP Narine,H Klaasen,0,0,0,0,0,0,1,0,1,,,
3,1,Kolkata Knight Riders,Sunrisers Hyderabad,12,3,SP Narine,AD Russell,TM Head,0,0,0,0,0,0,2,0,2,,,
3,1,Kolkata Knight Riders,Sunrisers Hyderabad,12,4,AD Russell,PD Salt,Abhishek Sharma,0,0,0,0,0,0,0,0,0,,,
3,1,Kolkata Knight Riders,Sunrisers Hyderabad,12,5,PD Salt,SP Narine,H Klaasen,0,0,0,0,0,0,4,0,4,,,
3,1,Kolkata Knight Riders,Sunrisers Hyderabad,12,6,SP Narine,AD Russell,TM Head,0,0,0,0,0,0,1,0,1,,,
3,1,Kolkata Knight Riders,Sunrisers Hyderabad,13,1,AD Russell,PD Salt,Abhishek Sharma,0,0,0,0,0,0,6,0,6,,,
3,1,Kolkata Knight Riders,Sunrisers Hyderabad,13,2,PD Salt,SP Narine,H Klaasen,0,0,0,0,0,0,1,0,1,,,
3,1,Kolkata Knight Riders,Sunrisers Hyderabad,13,3,SP Narine,AD Russell,TM Head,0,0,0,0,0,0,2,0,2,,,
3,1,Kolkata Knight Riders,Sunrisers Hyderabad,13,4,AD Russell,PD Salt,Abhishek Sharma,0,0,0,0,0,0,0,0,0,,,
3,1,Kolkata Knight Riders,Sunrisers Hyderabad,13,5,PD Salt,SP Narine,H Klaasen,0,0,0,0,0,0,4,0,4,,,
3,1,Kolkata Knight Riders,Sunrisers Hyderabad,13,6,SP Narine,AD Russell,TM Head,0,0,0,0,0,0,1,0,1,,,
3,1,Kolkata Knight Riders,Sunrisers Hyderabad,14,1,AD Russell,PD Salt,Abhishek Sharma,0,0,0,0,0,0,6,0,6,,,
3,1,Kolkata Knight Riders,Sunrisers Hyderabad,14,2,PD Salt,SP Narine,H Klaasen,0,0,0,0,0,0,6,0,6,,,
3,2,Sunrisers Hyderabad,Kolkata Knight Riders,0,1,Abhishek Sharma,H Klaasen,PD Salt,0,0,0,0,0,0,2,0,2,,,
3,2,Sunrisers Hyderabad,Kolkata Knight Riders,0,2,H Klaasen,TM Head,SP Narine,0,0,0,0,0,0,0,0,0,,,
3,2,Sunrisers Hyderabad,Kolkata Knight Riders,0,3,TM Head,Abhishek Sharma,AD Russell,0,0,0,0,0,0,4,0,4,,,
3,2,Sunrisers Hyderabad,Kolkata Knight Riders,0,4,Abhishek Sharma,H Klaasen,PD Salt,0,0,0,0,0,0,1,0,1,,,
3,2,Sunrisers Hyderabad,Kolkata Knight Riders,0,5,H Klaasen,TM Head,SP Narine,0,0,0,0,0,0,6,0,6,,,
3,2,Sunrisers Hyderabad,Kolkata Knight Riders,0,6,TM Head,Abhishek Sharma,AD Russell,0,0,0,0,0,0,1,0,1,,,
3,2,Sunrisers Hyderabad,Kolkata Knight Riders,1,1,Abhishek Sharma,H Klaasen,PD Salt,0,0,0,0,0,0,2,0,2,,,
3,2,Sunrisers Hyderabad,Kolkata Knight Riders,1,2,H Klaasen,TM Head,SP Narine,0,0,0,0,0,0,0,0,0,,,
3,2,Sunrisers Hyderabad,Kolkata Knight Riders,1,3,TM Head,Abhishek Sharma,AD Russell,0,0,0,0,0,0,4,0,4,,,
3,2,Sunrisers Hyderabad,Kolkata Knight Riders,1,4,Abhishek Sharma,H Klaasen,PD Salt,0,0,0,0,0,0,1,0,1,,,
3,2,Sunrisers Hyderabad,Kolkata Knight Riders,1,5,H Klaasen,TM Head,SP Narine,0,0,0,0,0,0,6,0,6,,,
3,2,Sunrisers Hyderabad,Kolkata Knight Riders,1,6,TM Head,Abhishek Sharma,AD Russell,0,0,0,0,0,0,1,0,1,,,
3,2,Sunrisers Hyderabad,Kolkata Knight Riders,2,1,Abhishek Sharma,H Klaasen,PD Salt,0,0,0,0,0,0,2,0,2,,,
3,2,Sunrisers Hyderabad,Kolkata Knight Riders,2,2,H Klaasen,TM Head,SP Narine,0,0,0,0,0,0,0,0,0,,,
3,2,Sunrisers Hyderabad,Kolkata Knight Riders,2,3,TM Head,Abhishek Sharma,AD Russell,0,0,0,0,0,0,4,0,4,,,
3,2,Sunrisers Hyderabad,Kolkata Knight Riders,2,4,Abhishek Sharma,H Klaasen,PD Salt,0,0,0,0,0,0,1,0,1,,,
3,2,Sunrisers Hyderabad,Kolkata Knight Riders,2,5,H Klaasen,TM Head,SP Narine,0,0,0,0,0,0,6,0,6,,,
3,2,Sunrisers Hyderabad,Kolkata Knight Riders,2,6,TM Head,Abhishek Sharma,AD Russell,0,0,0,0,0,0,1,0,1,,,
3,2,Sunrisers Hyderabad,Kolkata Knight Riders,3,1,Abhishek Sharma,H Klaasen,PD Salt,0,0,0,0,0,0,2,0,2,,,
3,2,Sunrisers Hyderabad,Kolkata Knight Riders,3,2,H Klaasen,TM Head,SP Narine,0,0,0,0,0,0,0,0,0,TM Head,caught,
3,2,Sunrisers Hyderabad,Kolkata Knight Riders,3,3,TM Head,Abhishek Sharma,AD Russell,0,0,0,0,0,0,4,0,4,,,
3,2,Sunrisers Hyderabad,Kolkata Knight Riders,3,4,Abhishek Sharma,H Klaasen,PD Salt,0,0,0,0,0,0,1,0,1,,,
3,2,Sunrisers Hyderabad,Kolkata Knight Riders,3,5,H Klaasen,TM Head,SP Narine,0,0,0,0,0,0,6,0,6,,,
3,2,Sunrisers Hyderabad,Kolkata Knight Riders,3,6,TM Head,Abhishek Sharma,AD Russell,0,0,0,0,0,0,1,0,1,,,
3,2,Sunrisers Hyderabad,Kolkata Knight Riders,4,1,Abhishek Sharma,H Klaasen,PD Salt,0,0,0,0,0,0,2,0,2,,,
3,2,Sunrisers Hyderabad,Kolkata Knight Riders,4,2,H Klaasen,TM Head,SP Narine,0,0,0,0,0,0,0,0,0,,,
3,2,Sunrisers Hyderabad,Kolkata Knight Riders,4,3,TM Head,Abhishek Sharma,AD Russell,0,0,0,0,0,0,4,0,4,,,
3,2,Sunrisers Hyderabad,Kolkata Knight Riders,4,4,Abhishek Sharma,H Klaasen,PD Salt,0,0,0,0,0,0,1,0,1,,,
3,2,Sunrisers Hyderabad,Kolkata Knight Riders,4,5,H Klaasen,TM Head,SP Narine,0,0,0,0,0,0,6,0,6,,,
3,2,Sunrisers Hyderabad,Kolkata Knight Riders,4,6,TM Head,Abhishek Sharma,AD Russell,0,0,0,0,0,0,1,0,1,,,
3,2,Sunrisers Hyderabad,Kolkata Knight Riders,5,1,Abhishek Sharma,H Klaasen,PD Salt,0,0,0,0,0,0,2,0,2,,,
3,2,Sunrisers Hyderabad,Kolkata Knight Riders,5,2,H Klaasen,TM Head,SP Narine,0,0,0,0,0,0,0,0,0,,,
3,2,Sunrisers Hyderabad,Kolkata Knight Riders,5,3,TM Head,Abhishek Sharma,AD Russell,0,0,0,0,0,0,4,0,4,,,
3,2,Sunrisers Hyderabad,Kolkata Knight Riders,5,4,Abhishek Sharma,H Klaasen,PD Salt,0,0,0,0,0,0,1,0,1,,,
3,2,Sunrisers Hyderabad,Kolkata Knight Riders,5,5,H Klaasen,TM Head,SP Narine,0,0,0,0,0,0,6,0,6,,,
3,2,Sunrisers Hyderabad,Kolkata Knight Riders,5,6,TM Head,Abhishek Sharma,AD Russell,0,0,0,0,0,0,1,0,1,,,
3,2,Sunrisers Hyderabad,Kolkata Knight Riders,6,1,Abhishek Sharma,H Klaasen,PD Salt,0,0,0,0,0,0,2,0,2,,,
3,2,Sunrisers Hyderabad,Kolkata Knight Riders,6,2,H Klaasen,TM Head,SP Narine,0,0,0,0,0,0,0,0,0,,,
3,2,Sunrisers Hyderabad,Kolkata Knight Riders,6,3,TM Head,Abhishek Sharma,AD Russell,0,0,0,0,0,0,4,0,4,,,
3,2,Sunrisers Hyderabad,Kolkata Knight Riders,6,4,Abhishek Sharma,H Klaasen,PD Salt,0,0,0,0,0,0,1,0,1,,,
3,2,Sunrisers Hyderabad,Kolkata Knight Riders,6,5,H Klaasen,TM Head,SP Narine,0,0,0,0,0,0,6,0,6,,,
3,2,Sunrisers Hyderabad,Kolkata Knight Riders,6,6,TM Head,Abhishek Sharma,AD Russell,0,0,0,0,0,0,1,0,1,,,
3,2,Sunrisers Hyderabad,Kolkata Knight Riders,7,1,Abhishek Sharma,H Klaasen,PD Salt,0,0,0,0,0,0,2,0,2,,,
3,2,Sunrisers Hyderabad,Kolkata Knight Riders,7,2,H Klaasen,TM Head,SP Narine,0,0,0,0,0,0,0,0,0,,,
3,2,Sunrisers Hyderabad,Kolkata Knight Riders,7,3,TM Head,Abhishek Sharma,AD Russell,0,0,0,0,0,0,4,0,4,,,
3,2,Sunrisers Hyderabad,Kolkata Knight Riders,7,4,Abhishek Sharma,H Klaasen,PD Salt,0,0,0,0,0,0,1,0,1,,,
3,2,Sunrisers Hyderabad,Kolkata Knight Riders,7,5,H Klaasen,TM Head,SP Narine,0,0,0,0,0,0,6,0,6,,,
3,2,Sunrisers Hyderabad,Kolkata Knight Riders,7,6,TM Head,Abhishek Sharma,AD Russell,0,0,0,0,0,0,1,0,1,,,
3,2,Sunrisers Hyderabad,Kolkata Knight Riders,8,1,Abhishek Sharma,H Klaasen,PD Salt,0,0,0,0,0,0,2,0,2,,,
3,2,Sunrisers Hyderabad,Kolkata Knight Riders,8,2,H Klaasen,TM Head,SP Narine,0,0,0,0,0,0,0,0,0,,,
3,2,Sunrisers Hyderabad,Kolkata Knight Riders,8,3,TM Head,Abhishek Sharma,AD Russell,0,0,0,0,0,0,4,0,4,,,
3,2,Sunrisers Hyderabad,Kolkata Knight Riders,8,4,Abhishek Sharma,H Klaasen,PD Salt,0,0,0,0,0,0,1,0,1,,,
3,2,Sunrisers Hyderabad,Kolkata Knight Riders,8,5,H Klaasen,TM Head,SP Narine,0,0,0,0,0,0,6,0,6,,,
3,2,Sunrisers Hyderabad,Kolkata Knight Riders,8,6,TM Head,Abhishek Sharma,AD Russell,0,0,0,0,0,0,1,0,1,,,
3,2,Sunrisers Hyderabad,Kolkata Knight Riders,9,1,Abhishek Sharma,H Klaasen,PD Salt,0,0,0,0,0,0,2,0,2,,,
3,2,Sunrisers Hyderabad,Kolkata Knight Riders,9,2,H Klaasen,TM Head,SP Narine,0,0,0,0,0,0,0,0,0,,,
3,2,Sunrisers Hyderabad,Kolkata Knight Riders,9,3,TM Head,Abhishek Sharma,AD Russell,0,0,0,0,0,0,4,0,4,,,
3,2,Sunrisers Hyderabad,Kolkata Knight Riders,9,4,Abhishek Sharma,H Klaasen,PD Salt,0,0,0,0,0,0,1,0,1,,,
3,2,Sunrisers Hyderabad,Kolkata Knight Riders,9,5,H Klaasen,TM Head,SP Narine,0,0,0,0,0,0,6,0,6,,,
3,2,Sunrisers Hyderabad,Kolkata Knight Riders,9,6,TM Head,Abhishek Sharma,AD Russell,0,0,0,0,0,0,1,0,1,,,
3,2,Sunrisers Hyderabad,Kolkata Knight Riders,10,1,Abhishek Sharma,H Klaasen,PD Salt,0,0,0,0,0,0,2,0,2,,,
3,2,Sunrisers Hyderabad,Kolkata Knight Riders,10,2,H Klaasen,TM Head,SP Narine,0,0,0,0,0,0,0,0,0,,,
3,2,Sunrisers Hyderabad,Kolkata Knight Riders,10,3,TM Head,Abhishek Sharma,AD Russell,0,0,0,0,0,0,4,0,4,,,
3,2,Sunrisers Hyderabad,Kolkata Knight Riders,10,4,Abhishek Sharma,H Klaasen,PD Salt,0,0,0,0,0,0,1,0,1,,,
3,2,Sunrisers Hyderabad,Kolkata Knight Riders,10,5,H Klaasen,TM Head,SP Narine,0,0,0,0,0,0,6,0,6,,,
3,2,Sunrisers Hyderabad,Kolkata Knight Riders,10,6,TM Head,Abhishek Sharma,AD Russell,0,0,0,0,0,0,1,0,1,,,
3,2,Sunrisers Hyderabad,Kolkata Knight Riders,11,1,Abhishek Sharma,H Klaasen,PD Salt,0,0,0,0,0,0,2,0,2,,,
3,2,Sunrisers Hyderabad,Kolkata Knight Riders,11,2,H Klaasen,TM Head,SP Narine,0,0,0,0,0,0,0,0,0,,,
3,2,Sunrisers Hyderabad,Kolkata Knight Riders,11,3,TM Head,Abhishek Sharma,AD Russell,0,0,0,0,0,0,4,0,4,,,
3,2,Sunrisers Hyderabad,Kolkata Knight Riders,11,4,Abhishek Sharma,H Klaasen,PD Salt,0,0,0,0,0,0,1,0,1,,,
3,2,Sunrisers Hyderabad,Kolkata Knight Riders,11,5,H Klaasen,TM Head,SP Narine,0,0,0,0,0,0,6,0,6,,,
3,2,Sunrisers Hyderabad,Kolkata Knight Riders,11,6,TM Head,Abhishek Sharma,AD Russell,0,0,0,0,0,0,1,0,1,,,
3,2,Sunrisers Hyderabad,Kolkata Knight Riders,12,1,Abhishek Sharma,H Klaasen,PD Salt,0,0,0,0,0,0,2,0,2,,,
3,2,Sunrisers Hyderabad,Kolkata Knight Riders,12,2,H Klaasen,TM Head,SP Narine,0,0,0,0,0,0,0,0,0,,,
3,2,Sunrisers Hyderabad,Kolkata Knight Riders,12,3,TM Head,Abhishek Sharma,AD Russell,0,0,0,0,0,0,4,0,4,,,
3,2,Sunrisers Hyderabad,Kolkata Knight Riders,12,4,Abhishek Sharma,H Klaasen,PD Salt,0,0,0,0,0,0,1,0,1,,,
3,2,Sunrisers Hyderabad,Kolkata Knight Riders,12,5,H Klaasen,TM Head,SP Narine,0,0,0,0,0,0,6,0,6,,,
3,2,Sunrisers Hyderabad,Kolkata Knight Riders,12,6,TM Head,Abhishek Sharma,AD Russell,0,0,0,0,0,0,1,0,1,,,
3,2,Sunrisers Hyderabad,Kolkata Knight Riders,13,1,Abhishek Sharma,H Klaasen,PD Salt,0,0,0,0,0,0,2,0,2,,,
3,2,Sunrisers Hyderabad,Kolkata Knight Riders,13,2,H Klaasen,TM Head,SP Narine,0,0,0,0,0,0,0,0,0,,,
3,2,Sunrisers Hyderabad,Kolkata Knight Riders,13,3,TM Head,Abhishek Sharma,AD Russell,0,0,0,0,0,0,4,0,4,,,
3,2,Sunrisers Hyderabad,Kolkata Knight Riders,13,4,Abhishek Sharma,H Klaasen,PD Salt,0,0,0,0,0,0,1,0,1,,,
3,2,Sunrisers Hyderabad,Kolkata Knight Riders,13,5,H Klaasen,TM Head,SP Narine,0,0,0,0,0,0,6,0,6,,,
3,2,Sunrisers Hyderabad,Kolkata Knight Riders,13,6,TM Head,Abhishek Sharma,AD Russell,0,0,0,0,0,0,1,0,1,,,
3,2,Sunrisers Hyderabad,Kolkata Knight Riders,14,1,Abhishek Sharma,H Klaasen,PD Salt,0,0,0,0,0,0,2,0,2,,,
3,2,Sunrisers Hyderabad,Kolkata Knight Riders,14,2,H Klaasen,TM Head,SP Narine,0,0,0,0,0,0,6,0,6,,,
4,1,Rajasthan Royals,Lucknow Super Giants,0,1,SV Samson,YBK Jaiswal,MP Stoinis,0,0,0,0,0,0,4,0,4,,,
4,1,Rajasthan Royals,Lucknow Super Giants,0,2,YBK Jaiswal,R Parag,KL Rahul,0,0,0,0,0,0,1,0,1,,,
4,1,Rajasthan Royals,Lucknow Super Giants,0,3,R Parag,SV Samson,Q de Kock,0,0,0,0,0,0,6,0,6,,,
4,1,Rajasthan Royals,Lucknow Super Giants,0,4,SV Samson,YBK Jaiswal,MP Stoinis,0,0,0,0,0,0,1,0,1,,,
4,1,Rajasthan Royals,Lucknow Super Giants,0,5,YBK Jaiswal,R Parag,KL Rahul,0,0,0,0,0,0,2,0,2,,,
4,1,Rajasthan Royals,Lucknow Super Giants,0,6,R Parag,SV Samson,Q de Kock,0,0,0,0,0,0,0,0,0,,,
4,1,Rajasthan Royals,Lucknow Super Giants,1,1,SV Samson,YBK Jaiswal,MP Stoinis,0,0,0,0,0,0,4,0,4,,,
4,1,Rajasthan Royals,Lucknow Super Giants,1,2,YBK Jaiswal,R Parag,KL Rahul,0,0,0,0,0,0,1,0,1,,,
4,1,Rajasthan Royals,Lucknow Super Giants,1,3,R Parag,SV Samson,Q de Kock,0,0,0,0,0,0,6,0,6,,,
4,1,Rajasthan Royals,Lucknow Super Giants,1,4,SV Samson,YBK Jaiswal,MP Stoinis,0,0,0,0,0,0,1,0,1,,,
4,1,Rajasthan Royals,Lucknow Super Giants,1,5,YBK Jaiswal,R Parag,KL Rahul,0,0,0,0,0,0,2,0,2,,,
4,1,Rajasthan Royals,Lucknow Super Giants,1,6,R Parag,SV Samson,Q de Kock,0,0,0,0,0,0,0,0,0,,,
4,1,Rajasthan Royals,Lucknow Super Giants,2,1,SV Samson,YBK Jaiswal,MP Stoinis,0,0,0,0,0,0,4,0,4,,,
4,1,Rajasthan Royals,Lucknow Super Giants,2,2,YBK Jaiswal,R Parag,KL Rahul,0,0,0,0,0,0,1,0,1,,,
4,1,Rajasthan Royals,Lucknow Super Giants,2,3,R Parag,SV Samson,Q de Kock,0,0,0,0,0,0,6,0,6,,,
4,1,Rajasthan Royals,Lucknow Super Giants,2,4,SV Samson,YBK Jaiswal,MP Stoinis,0,0,0,0,0,0,1,0,1,,,
4,1,Rajasthan Royals,Lucknow Super Giants,2,5,YBK Jaiswal,R Parag,KL Rahul,0,0,0,0,0,0,2,0,2,,,
4,1,Rajasthan Royals,Lucknow Super Giants,2,6,R Parag,SV Samson,Q de Kock,0,0,0,0,0,0,0,0,0,,,
4,1,Rajasthan Royals,Lucknow Super Giants,3,1,SV Samson,YBK Jaiswal,MP Stoinis,0,0,0,0,0,0,4,0,4,,,
4,1,Rajasthan Royals,Lucknow Super Giants,3,2,YBK Jaiswal,R Parag,KL Rahul,0,0,0,0,0,0,1,0,1,,,
4,1,Rajasthan Royals,Lucknow Super Giants,3,3,R Parag,SV Samson,Q de Kock,0,0,0,0,0,0,6,0,6,,,
4,1,Rajasthan Royals,Lucknow Super Giants,3,4,SV Samson,YBK Jaiswal,MP Stoinis,0,0,0,0,0,0,1,0,1,,,
4,1,Rajasthan Royals,Lucknow Super Giants,3,5,YBK Jaiswal,R Parag,KL Rahul,0,0,0,0,0,0,2,0,2,,,
4,1,Rajasthan Royals,Lucknow Super Giants,3,6,R Parag,SV Samson,Q de Kock,0,0,0,0,0,0,0,0,0,,,
4,1,Rajasthan Royals,Lucknow Super Giants,4,1,SV Samson,YBK Jaiswal,MP Stoinis,0,0,0,0,0,0,4,0,4,,,
4,1,Rajasthan Royals,Lucknow Super Giants,4,2,YBK Jaiswal,R Parag,KL Rahul,0,0,0,0,0,0,1,0,1,,,
4,1,Rajasthan Royals,Lucknow Super Giants,4,3,R Parag,SV Samson,Q de Kock,0,0,0,0,0,0,6,0,6,,,
4,1,Rajasthan Royals,Lucknow Super Giants,4,4,SV Samson,YBK Jaiswal,MP Stoinis,0,0,0,0,0,0,1,0,1,,,
4,1,Rajasthan Royals,Lucknow Super Giants,4,5,YBK Jaiswal,R Parag,KL Rahul,0,0,0,0,0,0,2,0,2,,,
4,1,Rajasthan Royals,Lucknow Super Giants,4,6,R Parag,SV Samson,Q de Kock,0,0,0,0,0,0,0,0,0,,,
4,1,Rajasthan Royals,Lucknow Super Giants,5,1,SV Samson,YBK Jaiswal,MP Stoinis,0,0,0,0,0,0,4,0,4,,,
4,1,Rajasthan Royals,Lucknow Super Giants,5,2,YBK Jaiswal,R Parag,KL Rahul,0,0,0,0,0,0,1,0,1,,,
4,1,Rajasthan Royals,Lucknow Super Giants,5,3,R Parag,SV Samson,Q de Kock,0,0,0,0,0,0,6,0,6,,,
4,1,Rajasthan Royals,Lucknow Super Giants,5,4,SV Samson,YBK Jaiswal,MP Stoinis,0,0,0,0,0,0,1,0,1,,,
4,1,Rajasthan Royals,Lucknow Super Giants,5,5,YBK Jaiswal,R Parag,KL Rahul,0,0,0,0,0,0,2,0,2,,,
4,1,Rajasthan Royals,Lucknow Super Giants,5,6,R Parag,SV Samson,Q de Kock,0,0,0,0,0,0,0,0,0,,,
4,1,Rajasthan Royals,Lucknow Super Giants,6,1,SV Samson,YBK Jaiswal,MP Stoinis,0,0,0,0,0,0,4,0,4,,,
4,1,Rajasthan Royals,Lucknow Super Giants,6,2,YBK Jaiswal,R Parag,KL Rahul,0,0,0,0,0,0,1,0,1,,,
4,1,Rajasthan Royals,Lucknow Super Giants,6,3,R Parag,SV Samson,Q de Kock,0,0,0,0,0,0,6,0,6,,,
4,1,Rajasthan Royals,Lucknow Super Giants,6,4,SV Samson,YBK Jaiswal,MP Stoinis,0,0,0,0,0,0,1,0,1,,,
4,1,Rajasthan Royals,Lucknow Super Giants,6,5,YBK Jaiswal,R Parag,KL Rahul,0,0,0,0,0,0,2,0,2,,,
4,1,Rajasthan Royals,Lucknow Super Giants,6,6,R Parag,SV Samson,Q de Kock,0,0,0,0,0,0,0,0,0,,,
4,1,Rajasthan Royals,Lucknow Super Giants,7,1,SV Samson,YBK Jaiswal,MP Stoinis,0,0,0,0,0,0,4,0,4,,,
4,1,Rajasthan Royals,Lucknow Super Giants,7,2,YBK Jaiswal,R Parag,KL Rahul,0,0,0,0,0,0,1,0,1,,,
4,1,Rajasthan Royals,Lucknow Super Giants,7,3,R Parag,SV Samson,Q de Kock,0,0,0,0,0,0,6,0,6,,,
4,1,Rajasthan Royals,Lucknow Super Giants,7,4,SV Samson,YBK Jaiswal,MP Stoinis,0,0,0,0,0,0,1,0,1,,,
4,1,Rajasthan Royals,Lucknow Super Giants,7,5,YBK Jaiswal,R Parag,KL Rahul,0,0,0,0,0,0,2,0,2,,,
4,1,Rajasthan Royals,Lucknow Super Giants,7,6,R Parag,SV Samson,Q de Kock,0,0,0,0,0,0,0,0,0,SV Samson,caught,
4,1,Rajasthan Royals,Lucknow Super Giants,8,1,SV Samson,YBK Jaiswal,MP Stoinis,0,0,0,0,0,0,4,0,4,,,
4,1,Rajasthan Royals,Lucknow Super Giants,8,2,YBK Jaiswal,R Parag,KL Rahul,0,0,0,0,0,0,1,0,1,,,
4,1,Rajasthan Royals,Lucknow Super Giants,8,3,R Parag,SV Samson,Q de Kock,0,0,0,0,0,0,6,0,6,,,
4,1,Rajasthan Royals,Lucknow Super Giants,8,4,SV Samson,YBK Jaiswal,MP Stoinis,0,0,0,0,0,0,1,0,1,,,
4,1,Rajasthan Royals,Lucknow Super Giants,8,5,YBK Jaiswal,R Parag,KL Rahul,0,0,0,0,0,0,2,0,2,,,
4,1,Rajasthan Royals,Lucknow Super Giants,8,6,R Parag,SV Samson,Q de Kock,0,0,0,0,0,0,0,0,0,,,
4,1,Rajasthan Royals,Lucknow Super Giants,9,1,SV Samson,YBK Jaiswal,MP Stoinis,0,0,0,0,0,0,4,0,4,,,
4,1,Rajasthan Royals,Lucknow Super Giants,9,2,YBK Jaiswal,R Parag,KL Rahul,0,0,0,0,0,0,1,0,1,,,
4,1,Rajasthan Royals,Lucknow Super Giants,9,3,R Parag,SV Samson,Q de Kock,0,0,0,0,0,0,6,0,6,,,
4,1,Rajasthan Royals,Lucknow Super Giants,9,4,SV Samson,YBK Jaiswal,MP Stoinis,0,0,0,0,0,0,1,0,1,,,
4,1,Rajasthan Royals,Lucknow Super Giants,9,5,YBK Jaiswal,R Parag,KL Rahul,0,0,0,0,0,0,2,0,2,,,
4,1,Rajasthan Royals,Lucknow Super Giants,9,6,R Parag,SV Samson,Q de Kock,0,0,0,0,0,0,0,0,0,,,
4,1,Rajasthan Royals,Lucknow Super Giants,10,1,SV Samson,YBK Jaiswal,MP Stoinis,0,0,0,0,0,0,4,0,4,,,
4,1,Rajasthan Royals,Lucknow Super Giants,10,2,YBK Jaiswal,R Parag,KL Rahul,0,0,0,0,0,0,1,0,1,,,
4,1,Rajasthan Royals,Lucknow Super Giants,10,3,R Parag,SV Samson,Q de Kock,0,0,0,0,0,0,6,0,6,,,
4,1,Rajasthan Royals,Lucknow Super Giants,10,4,SV Samson,YBK Jaiswal,MP Stoinis,0,0,0,0,0,0,1,0,1,,,
4,1,Rajasthan Royals,Lucknow Super Giants,10,5,YBK Jaiswal,R Parag,KL Rahul,0,0,0,0,0,0,2,0,2,,,
4,1,Rajasthan Royals,Lucknow Super Giants,10,6,R Parag,SV Samson,Q de Kock,0,0,0,0,0,0,0,0,0,,,
4,1,Rajasthan Royals,Lucknow Super Giants,11,1,SV Samson,YBK Jaiswal,MP Stoinis,0,0,0,0,0,0,4,0,4,,,
4,1,Rajasthan Royals,Lucknow Super Giants,11,2,YBK Jaiswal,R Parag,KL Rahul,0,0,0,0,0,0,1,0,1,,,
4,1,Rajasthan Royals,Lucknow Super Giants,11,3,R Parag,SV Samson,Q de Kock,0,0,0,0,0,0,6,0,6,,,
4,1,Rajasthan Royals,Lucknow Super Giants,11,4,SV Samson,YBK Jaiswal,MP Stoinis,0,0,0,0,0,0,1,0,1,,,
4,1,Rajasthan Royals,Lucknow Super Giants,11,5,YBK Jaiswal,R Parag,KL Rahul,0,0,0,0,0,0,2,0,2,,,
4,1,Rajasthan Royals,Lucknow Super Giants,11,6,R Parag,SV Samson,Q de Kock,0,0,0,0,0,0,0,0,0,,,
4,1,Rajasthan Royals,Lucknow Super Giants,12,1,SV Samson,YBK Jaiswal,MP Stoinis,0,0,0,0,0,0,4,0,4,,,
4,1,Rajasthan Royals,Lucknow Super Giants,12,2,YBK Jaiswal,R Parag,KL Rahul,0,0,0,0,0,0,1,0,1,,,
4,1,Rajasthan Royals,Lucknow Super Giants,12,3,R Parag,SV Samson,Q de Kock,0,0,0,0,0,0,6,0,6,,,
4,1,Rajasthan Royals,Lucknow Super Giants,12,4,SV Samson,YBK Jaiswal,MP Stoinis,0,0,0,0,0,0,1,0,1,,,
4,1,Rajasthan Royals,Lucknow Super Giants,12,5,YBK Jaiswal,R Parag,KL Rahul,0,0,0,0,0,0,2,0,2,,,
4,1,Rajasthan Royals,Lucknow Super Giants,12,6,R Parag,SV Samson,Q de Kock,0,0,0,0,0,0,0,0,0,,,
4,1,Rajasthan Royals,Lucknow Super Giants,13,1,SV Samson,YBK Jaiswal,MP Stoinis,0,0,0,0,0,0,4,0,4,,,
4,1,Rajasthan Royals,Lucknow Super Giants,13,2,YBK Jaiswal,R Parag,KL Rahul,0,0,0,0,0,0,1,0,1,,,
4,1,Rajasthan Royals,Lucknow Super Giants,13,3,R Parag,SV Samson,Q de Kock,0,0,0,0,0,0,6,0,6,,,
4,2,Lucknow Super Giants,Rajasthan Royals,0,1,KL Rahul,Q de Kock,R Parag,0,0,0,0,0,0,1,0,1,,,
4,2,Lucknow Super Giants,Rajasthan Royals,0,2,Q de Kock,MP Stoinis,SV Samson,0,0,0,0,0,0,2,0,2,,,
4,2,Lucknow Super Giants,Rajasthan Royals,0,3,MP Stoinis,KL Rahul,YBK Jaiswal,0,0,0,0,0,0,0,0,0,,,
4,2,Lucknow Super Giants,Rajasthan Royals,0,4,KL Rahul,Q de Kock,R Parag,0,0,0,0,0,0,4,0,4,,,
4,2,Lucknow Super Giants,Rajasthan Royals,0,5,Q de Kock,MP Stoinis,SV Samson,0,0,0,0,0,0,1,0,1,,,
4,2,Lucknow Super Giants,Rajasthan Royals,0,6,MP Stoinis,KL Rahul,YBK Jaiswal,0,0,0,0,0,0,6,0,6,,,
4,2,Lucknow Super Giants,Rajasthan Royals,1,1,KL Rahul,Q de Kock,R Parag,0,0,0,0,0,0,1,0,1,,,
4,2,Lucknow Super Giants,Rajasthan Royals,1,2,Q de Kock,MP Stoinis,SV Samson,0,0,0,0,0,0,2,0,2,,,
4,2,Lucknow Super Giants,Rajasthan Royals,1,3,MP Stoinis,KL Rahul,YBK Jaiswal,0,0,0,0,0,0,0,0,0,,,
4,2,Lucknow Super Giants,Rajasthan Royals,1,4,KL Rahul,Q de Kock,R Parag,0,0,0,0,0,0,4,0,4,,,
4,2,Lucknow Super Giants,Rajasthan Royals,1,5,Q de Kock,MP Stoinis,SV Samson,0,0,0,0,0,0,1,0,1,,,
4,2,Lucknow Super Giants,Rajasthan Royals,1,6,MP Stoinis,KL Rahul,YBK Jaiswal,0,0,0,0,0,0,6,0,6,,,
4,2,Lucknow Super Giants,Rajasthan Royals,2,1,KL Rahul,Q de Kock,R Parag,0,0,0,0,0,0,1,0,1,,,
4,2,Lucknow Super Giants,Rajasthan Royals,2,2,Q de Kock,MP Stoinis,SV Samson,0,0,0,0,0,0,2,0,2,,,
4,2,Lucknow Super Giants,Rajasthan Royals,2,3,MP Stoinis,KL Rahul,YBK Jaiswal,0,0,0,0,0,0,0,0,0,,,
4,2,Lucknow Super Giants,Rajasthan Royals,2,4,KL Rahul,Q de Kock,R Parag,0,0,0,0,0,0,4,0,4,,,
4,2,Lucknow Super Giants,Rajasthan Royals,2,5,Q de Kock,MP Stoinis,SV Samson,0,0,0,0,0,0,1,0,1,,,
4,2,Lucknow Super Giants,Rajasthan Royals,2,6,MP Stoinis,KL Rahul,YBK Jaiswal,0,0,0,0,0,0,6,0,6,,,
4,2,Lucknow Super Giants,Rajasthan Royals,3,1,KL Rahul,Q de Kock,R Parag,0,0,0,0,0,0,1,0,1,,,
4,2,Lucknow Super Giants,Rajasthan Royals,3,2,Q de Kock,MP Stoinis,SV Samson,0,0,0,0,0,0,2,0,2,,,
4,2,Lucknow Super Giants,Rajasthan Royals,3,3,MP Stoinis,KL Rahul,YBK Jaiswal,0,0,0,0,0,0,0,0,0,,,
4,2,Lucknow Super Giants,Rajasthan Royals,3,4,KL Rahul,Q de Kock,R Parag,0,0,0,0,0,0,4,0,4,,,
4,2,Lucknow Super Giants,Rajasthan Royals,3,5,Q de Kock,MP Stoinis,SV Samson,0,0,0,0,0,0,1,0,1,,,
4,2,Lucknow Super Giants,Rajasthan Royals,3,6,MP Stoinis,KL Rahul,YBK Jaiswal,0,0,0,0,0,0,6,0,6,,,
4,2,Lucknow Super Giants,Rajasthan Royals,4,1,KL Rahul,Q de Kock,R Parag,0,0,0,0,0,0,1,0,1,,,
4,2,Lucknow Super Giants,Rajasthan Royals,4,2,Q de Kock,MP Stoinis,SV Samson,0,0,0,0,0,0,2,0,2,,,
4,2,Lucknow Super Giants,Rajasthan Royals,4,3,MP Stoinis,KL Rahul,YBK Jaiswal,0,0,0,0,0,0,0,0,0,,,
4,2,Lucknow Super Giants,Rajasthan Royals,4,4,KL Rahul,Q de Kock,R Parag,0,0,0,0,0,0,4,0,4,,,
4,2,Lucknow Super Giants,Rajasthan Royals,4,5,Q de Kock,MP Stoinis,SV Samson,0,0,0,0,0,0,1,0,1,,,
4,2,Lucknow Super Giants,Rajasthan Royals,4,6,MP Stoinis,KL Rahul,YBK Jaiswal,0,0,0,0,0,0,6,0,6,,,
4,2,Lucknow Super Giants,Rajasthan Royals,5,1,KL Rahul,Q de Kock,R Parag,0,0,0,0,0,0,1,0,1,,,
4,2,Lucknow Super Giants,Rajasthan Royals,5,2,Q de Kock,MP Stoinis,SV Samson,0,0,0,0,0,0,2,0,2,,,
4,2,Lucknow Super Giants,Rajasthan Royals,5,3,MP Stoinis,KL Rahul,YBK Jaiswal,0,0,0,0,0,0,0,0,0,,,
4,2,Lucknow Super Giants,Rajasthan Royals,5,4,KL Rahul,Q de Kock,R Parag,0,0,0,0,0,0,4,0,4,,,
4,2,Lucknow Super Giants,Rajasthan Royals,5,5,Q de Kock,MP Stoinis,SV Samson,0,0,0,0,0,0,1,0,1,,,
4,2,Lucknow Super Giants,Rajasthan Royals,5,6,MP Stoinis,KL Rahul,YBK Jaiswal,0,0,0,0,0,0,6,0,6,,,
4,2,Lucknow Super Giants,Rajasthan Royals,6,1,KL Rahul,Q de Kock,R Parag,0,0,0,0,0,0,1,0,1,,,
4,2,Lucknow Super Giants,Rajasthan Royals,6,2,Q de Kock,MP Stoinis,SV Samson,0,0,0,0,0,0,2,0,2,,,
4,2,Lucknow Super Giants,Rajasthan Royals,6,3,MP Stoinis,KL Rahul,YBK Jaiswal,0,0,0,0,0,0,0,0,0,,,
4,2,Lucknow Super Giants,Rajasthan Royals,6,4,KL Rahul,Q de Kock,R Parag,0,0,0,0,0,0,4,0,4,,,
4,2,Lucknow Super Giants,Rajasthan Royals,6,5,Q de Kock,MP Stoinis,SV Samson,0,0,0,0,0,0,1,0,1,,,
4,2,Lucknow Super Giants,Rajasthan Royals,6,6,MP Stoinis,KL Rahul,YBK Jaiswal,0,0,0,0,0,0,6,0,6,,,
4,2,Lucknow Super Giants,Rajasthan Royals,7,1,KL Rahul,Q de Kock,R Parag,0,0,0,0,0,0,1,0,1,,,
4,2,Lucknow Super Giants,Rajasthan Royals,7,2,Q de Kock,MP Stoinis,SV Samson,0,0,0,0,0,0,2,0,2,,,
4,2,Lucknow Super Giants,Rajasthan Royals,7,3,MP Stoinis,KL Rahul,YBK Jaiswal,0,0,0,0,0,0,0,0,0,,,
4,2,Lucknow Super Giants,Rajasthan Royals,7,4,KL Rahul,Q de Kock,R Parag,0,0,0,0,0,0,4,0,4,,,
4,2,Lucknow Super Giants,Rajasthan Royals,7,5,Q de Kock,MP Stoinis,SV Samson,0,0,0,0,0,0,1,0,1,,,
4,2,Lucknow Super Giants,Rajasthan Royals,7,6,MP Stoinis,KL Rahul,YBK Jaiswal,0,0,0,0,0,0,6,0,6,,,
4,2,Lucknow Super Giants,Rajasthan Royals,8,1,KL Rahul,Q de Kock,R Parag,0,0,0,0,0,0,1,0,1,,,
4,2,Lucknow Super Giants,Rajasthan Royals,8,2,Q de Kock,MP Stoinis,SV Samson,0,0,0,0,0,0,2,0,2,,,
4,2,Lucknow Super Giants,Rajasthan Royals,8,3,MP Stoinis,KL Rahul,YBK Jaiswal,0,0,0,0,0,0,0,0,0,,,
4,2,Lucknow Super Giants,Rajasthan Royals,8,4,KL Rahul,Q de Kock,R Parag,0,0,0,0,0,0,4,0,4,,,
4,2,Lucknow Super Giants,Rajasthan Royals,8,5,Q de Kock,MP Stoinis,SV Samson,0,0,0,0,0,0,1,0,1,,,
4,2,Lucknow Super Giants,Rajasthan Royals,8,6,MP Stoinis,KL Rahul,YBK Jaiswal,0,0,0,0,0,0,6,0,6,,,
4,2,Lucknow Super Giants,Rajasthan Royals,9,1,KL Rahul,Q de Kock,R Parag,0,0,0,0,0,0,1,0,1,,,
4,2,Lucknow Super Giants,Rajasthan Royals,9,2,Q de Kock,MP Stoinis,SV Samson,0,0,0,0,0,0,2,0,2,,,
4,2,Lucknow Super Giants,Rajasthan Royals,9,3,MP Stoinis,KL Rahul,YBK Jaiswal,0,0,0,0,0,0,0,0,0,,,
4,2,Lucknow Super Giants,Rajasthan Royals,9,4,KL Rahul,Q de Kock,R Parag,0,0,0,0,0,0,4,0,4,,,
4,2,Lucknow Super Giants,Rajasthan Royals,9,5,Q de Kock,MP Stoinis,SV Samson,0,0,0,0,0,0,1,0,1,,,
4,2,Lucknow Super Giants,Rajasthan Royals,9,6,MP Stoinis,KL Rahul,YBK Jaiswal,0,0,0,0,0,0,6,0,6,,,
4,2,Lucknow Super Giants,Rajasthan Royals,10,1,KL Rahul,Q de Kock,R Parag,0,0,0,0,0,0,1,0,1,,,
4,2,Lucknow Super Giants,Rajasthan Royals,10,2,Q de Kock,MP Stoinis,SV Samson,0,0,0,0,0,0,2,0,2,,,
4,2,Lucknow Super Giants,Rajasthan Royals,10,3,MP Stoinis,KL Rahul,YBK Jaiswal,0,0,0,0,0,0,0,0,0,,,
4,2,Lucknow Super Giants,Rajasthan Royals,10,4,KL Rahul,Q de Kock,R Parag,0,0,0,0,0,0,4,0,4,,,
4,2,Lucknow Super Giants,Rajasthan Royals,10,5,Q de Kock,MP Stoinis,SV Samson,0,0,0,0,0,0,1,0,1,,,
4,2,Lucknow Super Giants,Rajasthan Royals,10,6,MP Stoinis,KL Rahul,YBK Jaiswal,0,0,0,0,0,0,6,0,6,,,
4,2,Lucknow Super Giants,Rajasthan Royals,11,1,KL Rahul,Q de Kock,R Parag,0,0,0,0,0,0,1,0,1,,,
4,2,Lucknow Super Giants,Rajasthan Royals,11,2,Q de Kock,MP Stoinis,SV Samson,0,0,0,0,0,0,2,0,2,,,
4,2,Lucknow Super Giants,Rajasthan Royals,11,3,MP Stoinis,KL Rahul,YBK Jaiswal,0,0,0,0,0,0,0,0,0,,,
4,2,Lucknow Super Giants,Rajasthan Royals,11,4,KL Rahul,Q de Kock,R Parag,0,0,0,0,0,0,4,0,4,,,
4,2,Lucknow Super Giants,Rajasthan Royals,11,5,Q de Kock,MP Stoinis,SV Samson,0,0,0,0,0,0,1,0,1,,,
4,2,Lucknow Super Giants,Rajasthan Royals,11,6,MP Stoinis,KL Rahul,YBK Jaiswal,0,0,0,0,0,0,6,0,6,,,
4,2,Lucknow Super Giants,Rajasthan Royals,12,1,KL Rahul,Q de Kock,R Parag,0,0,0,0,0,0,5,0,5,,,
5,1,Gujarat Titans,Mumbai Indians,0,1,SA Sudharsan,DA Miller,RG Sharma,0,0,0,0,0,0,2,0,2,,,
5,1,Gujarat Titans,Mumbai Indians,0,2,DA Miller,Shubman Gill,Ishan Kishan,0,0,0,0,0,0,0,0,0,,,
5,1,Gujarat Titans,Mumbai Indians,0,3,Shubman Gill,SA Sudharsan,Tilak Varma,0,0,0,0,0,0,4,0,4,,,
5,1,Gujarat Titans,Mumbai Indians,0,4,SA Sudharsan,DA Miller,RG Sharma,0,0,0,0,0,0,1,0,1,,,
5,1,Gujarat Titans,Mumbai Indians,0,5,DA Miller,Shubman Gill,Ishan Kishan,0,0,0,0,0,0,6,0,6,,,
5,1,Gujarat Titans,Mumbai Indians,0,6,Shubman Gill,SA Sudharsan,Tilak Varma,0,0,0,0,0,0,1,0,1,,,
5,1,Gujarat Titans,Mumbai Indians,1,1,SA Sudharsan,DA Miller,RG Sharma,0,0,0,0,0,0,2,0,2,,,
5,1,Gujarat Titans,Mumbai Indians,1,2,DA Miller,Shubman Gill,Ishan Kishan,0,0,0,0,0,0,0,0,0,Shubman Gill,caught,
5,1,Gujarat Titans,Mumbai Indians,1,3,Shubman Gill,SA Sudharsan,Tilak Varma,0,0,0,0,0,0,4,0,4,,,
5,1,Gujarat Titans,Mumbai Indians,1,4,SA Sudharsan,DA Miller,RG Sharma,0,0,0,0,0,0,1,0,1,,,
5,1,Gujarat Titans,Mumbai Indians,1,5,DA Miller,Shubman Gill,Ishan Kishan,0,0,0,0,0,0,6,0,6,,,
5,1,Gujarat Titans,Mumbai Indians,1,6,Shubman Gill,SA Sudharsan,Tilak Varma,0,0,0,0,0,0,1,0,1,,,
5,1,Gujarat Titans,Mumbai Indians,2,1,SA Sudharsan,DA Miller,RG Sharma,0,0,0,0,0,0,2,0,2,,,
5,1,Gujarat Titans,Mumbai Indians,2,2,DA Miller,Shubman Gill,Ishan Kishan,0,0,0,0,0,0,0,0,0,,,
5,1,Gujarat Titans,Mumbai Indians,2,3,Shubman Gill,SA Sudharsan,Tilak Varma,0,0,0,0,0,0,4,0,4,,,
5,1,Gujarat Titans,Mumbai Indians,2,4,SA Sudharsan,DA Miller,RG Sharma,0,0,0,0,0,0,1,0,1,,,
5,1,Gujarat Titans,Mumbai Indians,2,5,DA Miller,Shubman Gill,Ishan Kishan,0,0,0,0,0,0,6,0,6,,,
5,1,Gujarat Titans,Mumbai Indians,2,6,Shubman Gill,SA Sudharsan,Tilak Varma,0,0,0,0,0,0,1,0,1,,,
5,1,Gujarat Titans,Mumbai Indians,3,1,SA Sudharsan,DA Miller,RG Sharma,0,0,0,0,0,0,2,0,2,,,
5,1,Gujarat Titans,Mumbai Indians,3,2,DA Miller,Shubman Gill,Ishan Kishan,0,0,0,0,0,0,0,0,0,,,
5,1,Gujarat Titans,Mumbai Indians,3,3,Shubman Gill,SA Sudharsan,Tilak Varma,0,0,0,0,0,0,4,0,4,,,
5,1,Gujarat Titans,Mumbai Indians,3,4,SA Sudharsan,DA Miller,RG Sharma,0,0,0,0,0,0,1,0,1,,,
5,1,Gujarat Titans,Mumbai Indians,3,5,DA Miller,Shubman Gill,Ishan Kishan,0,0,0,0,0,0,6,0,6,,,
5,1,Gujarat Titans,Mumbai Indians,3,6,Shubman Gill,SA Sudharsan,Tilak Varma,0,0,0,0,0,0,1,0,1,,,
5,1,Gujarat Titans,Mumbai Indians,4,1,SA Sudharsan,DA Miller,RG Sharma,0,0,0,0,0,0,2,0,2,,,
5,1,Gujarat Titans,Mumbai Indians,4,2,DA Miller,Shubman Gill,Ishan Kishan,0,0,0,0,0,0,0,0,0,,,
5,1,Gujarat Titans,Mumbai Indians,4,3,Shubman Gill,SA Sudharsan,Tilak Varma,0,0,0,0,0,0,4,0,4,,,
5,1,Gujarat Titans,Mumbai Indians,4,4,SA Sudharsan,DA Miller,RG Sharma,0,0,0,0,0,0,1,0,1,,,
5,1,Gujarat Titans,Mumbai Indians,4,5,DA Miller,Shubman Gill,Ishan Kishan,0,0,0,0,0,0,6,0,6,,,
5,1,Gujarat Titans,Mumbai Indians,4,6,Shubman Gill,SA Sudharsan,Tilak Varma,0,0,0,0,0,0,1,0,1,,,
5,1,Gujarat Titans,Mumbai Indians,5,1,SA Sudharsan,DA Miller,RG Sharma,0,0,0,0,0,0,2,0,2,,,
5,1,Gujarat Titans,Mumbai Indians,5,2,DA Miller,Shubman Gill,Ishan Kishan,0,0,0,0,0,0,0,0,0,,,
5,1,Gujarat Titans,Mumbai Indians,5,3,Shubman Gill,SA Sudharsan,Tilak Varma,0,0,0,0,0,0,4,0,4,,,
5,1,Gujarat Titans,Mumbai Indians,5,4,SA Sudharsan,DA Miller,RG Sharma,0,0,0,0,0,0,1,0,1,,,
5,1,Gujarat Titans,Mumbai Indians,5,5,DA Miller,Shubman Gill,Ishan Kishan,0,0,0,0,0,0,6,0,6,,,
5,1,Gujarat Titans,Mumbai Indians,5,6,Shubman Gill,SA Sudharsan,Tilak Varma,0,0,0,0,0,0,1,0,1,,,
5,1,Gujarat Titans,Mumbai Indians,6,1,SA Sudharsan,DA Miller,RG Sharma,0,0,0,0,0,0,2,0,2,,,
5,1,Gujarat Titans,Mumbai Indians,6,2,DA Miller,Shubman Gill,Ishan Kishan,0,0,0,0,0,0,0,0,0,,,
5,1,Gujarat Titans,Mumbai Indians,6,3,Shubman Gill,SA Sudharsan,Tilak Varma,0,0,0,0,0,0,4,0,4,,,
5,1,Gujarat Titans,Mumbai Indians,6,4,SA Sudharsan,DA Miller,RG Sharma,0,0,0,0,0,0,1,0,1,,,
5,1,Gujarat Titans,Mumbai Indians,6,5,DA Miller,Shubman Gill,Ishan Kishan,0,0,0,0,0,0,6,0,6,,,
5,1,Gujarat Titans,Mumbai Indians,6,6,Shubman Gill,SA Sudharsan,Tilak Varma,0,0,0,0,0,0,1,0,1,,,
5,1,Gujarat Titans,Mumbai Indians,7,1,SA Sudharsan,DA Miller,RG Sharma,0,0,0,0,0,0,2,0,2,,,
5,1,Gujarat Titans,Mumbai Indians,7,2,DA Miller,Shubman Gill,Ishan Kishan,0,0,0,0,0,0,0,0,0,,,
5,1,Gujarat Titans,Mumbai Indians,7,3,Shubman Gill,SA Sudharsan,Tilak Varma,0,0,0,0,0,0,4,0,4,,,
5,1,Gujarat Titans,Mumbai Indians,7,4,SA Sudharsan,DA Miller,RG Sharma,0,0,0,0,0,0,1,0,1,,,
5,1,Gujarat Titans,Mumbai Indians,7,5,DA Miller,Shubman Gill,Ishan Kishan,0,0,0,0,0,0,6,0,6,,,
5,1,Gujarat Titans,Mumbai Indians,7,6,Shubman Gill,SA Sudharsan,Tilak Varma,0,0,0,0,0,0,1,0,1,,,
5,1,Gujarat Titans,Mumbai Indians,8,1,SA Sudharsan,DA Miller,RG Sharma,0,0,0,0,0,0,2,0,2,,,
5,1,Gujarat Titans,Mumbai Indians,8,2,DA Miller,Shubman Gill,Ishan Kishan,0,0,0,0,0,0,0,0,0,,,
5,1,Gujarat Titans,Mumbai Indians,8,3,Shubman Gill,SA Sudharsan,Tilak Varma,0,0,0,0,0,0,4,0,4,,,
5,1,Gujarat Titans,Mumbai Indians,8,4,SA Sudharsan,DA Miller,RG Sharma,0,0,0,0,0,0,1,0,1,,,
5,1,Gujarat Titans,Mumbai Indians,8,5,DA Miller,Shubman Gill,Ishan Kishan,0,0,0,0,0,0,6,0,6,,,
5,1,Gujarat Titans,Mumbai Indians,8,6,Shubman Gill,SA Sudharsan,Tilak Varma,0,0,0,0,0,0,1,0,1,,,
5,1,Gujarat Titans,Mumbai Indians,9,1,SA Sudharsan,DA Miller,RG Sharma,0,0,0,0,0,0,2,0,2,,,
5,1,Gujarat Titans,Mumbai Indians,9,2,DA Miller,Shubman Gill,Ishan Kishan,0,0,0,0,0,0,0,0,0,,,
5,1,Gujarat Titans,Mumbai Indians,9,3,Shubman Gill,SA Sudharsan,Tilak Varma,0,0,0,0,0,0,4,0,4,,,
5,1,Gujarat Titans,Mumbai Indians,9,4,SA Sudharsan,DA Miller,RG Sharma,0,0,0,0,0,0,1,0,1,,,
5,1,Gujarat Titans,Mumbai Indians,9,5,DA Miller,Shubman Gill,Ishan Kishan,0,0,0,0,0,0,6,0,6,,,
5,1,Gujarat Titans,Mumbai Indians,9,6,Shubman Gill,SA Sudharsan,Tilak Varma,0,0,0,0,0,0,1,0,1,,,
5,1,Gujarat Titans,Mumbai Indians,10,1,SA Sudharsan,DA Miller,RG Sharma,0,0,0,0,0,0,2,0,2,,,
5,1,Gujarat Titans,Mumbai Indians,10,2,DA Miller,Shubman Gill,Ishan Kishan,0,0,0,0,0,0,0,0,0,,,
5,1,Gujarat Titans,Mumbai Indians,10,3,Shubman Gill,SA Sudharsan,Tilak Varma,0,0,0,0,0,0,4,0,4,,,
5,1,Gujarat Titans,Mumbai Indians,10,4,SA Sudharsan,DA Miller,RG Sharma,0,0,0,0,0,0,1,0,1,,,
5,1,Gujarat Titans,Mumbai Indians,10,5,DA Miller,Shubman Gill,Ishan Kishan,0,0,0,0,0,0,6,0,6,,,
5,1,Gujarat Titans,Mumbai Indians,10,6,Shubman Gill,SA Sudharsan,Tilak Varma,0,0,0,0,0,0,1,0,1,,,
5,1,Gujarat Titans,Mumbai Indians,11,1,SA Sudharsan,DA Miller,RG Sharma,0,0,0,0,0,0,2,0,2,,,
5,1,Gujarat Titans,Mumbai Indians,11,2,DA Miller,Shubman Gill,Ishan Kishan,0,0,0,0,0,0,0,0,0,,,
5,1,Gujarat Titans,Mumbai Indians,11,3,Shubman Gill,SA Sudharsan,Tilak Varma,0,0,0,0,0,0,4,0,4,,,
5,1,Gujarat Titans,Mumbai Indians,11,4,SA Sudharsan,DA Miller,RG Sharma,0,0,0,0,0,0,1,0,1,,,
5,1,Gujarat Titans,Mumbai Indians,11,5,DA Miller,Shubman Gill,Ishan Kishan,0,0,0,0,0,0,6,0,6,,,
5,1,Gujarat Titans,Mumbai Indians,11,6,Shubman Gill,SA Sudharsan,Tilak Varma,0,0,0,0,0,0,1,0,1,,,
5,2,Mumbai Indians,Gujarat Titans,0,1,Ishan Kishan,Tilak Varma,Shubman Gill,0,0,0,0,0,0,2,0,2,,,
5,2,Mumbai Indians,Gujarat Titans,0,2,Tilak Varma,RG Sharma,SA Sudharsan,0,0,0,0,0,0,0,0,0,,,
5,2,Mumbai Indians,Gujarat Titans,0,3,RG Sharma,Ishan Kishan,DA Miller,0,0,0,0,0,0,4,0,4,,,
5,2,Mumbai Indians,Gujarat Titans,0,4,Ishan Kishan,Tilak Varma,Shubman Gill,0,0,0,0,0,0,1,0,1,,,
5,2,Mumbai Indians,Gujarat Titans,0,5,Tilak Varma,RG Sharma,SA Sudharsan,0,0,0,0,0,0,6,0,6,,,
5,2,Mumbai Indians,Gujarat Titans,0,6,RG Sharma,Ishan Kishan,DA Miller,0,0,0,0,0,0,1,0,1,,,
5,2,Mumbai Indians,Gujarat Titans,1,1,Ishan Kishan,Tilak Varma,Shubman Gill,0,0,0,0,0,0,2,0,2,,,
5,2,Mumbai Indians,Gujarat Titans,1,2,Tilak Varma,RG Sharma,SA Sudharsan,0,0,0,0,0,0,0,0,0,,,
5,2,Mumbai Indians,Gujarat Titans,1,3,RG Sharma,Ishan Kishan,DA Miller,0,0,0,0,0,0,4,0,4,,,
5,2,Mumbai Indians,Gujarat Titans,1,4,Ishan Kishan,Tilak Varma,Shubman Gill,0,0,0,0,0,0,1,0,1,,,
5,2,Mumbai Indians,Gujarat Titans,1,5,Tilak Varma,RG Sharma,SA Sudharsan,0,0,0,0,0,0,6,0,6,,,
5,2,Mumbai Indians,Gujarat Titans,1,6,RG Sharma,Ishan Kishan,DA Miller,0,0,0,0,0,0,1,0,1,,,
5,2,Mumbai Indians,Gujarat Titans,2,1,Ishan Kishan,Tilak Varma,Shubman Gill,0,0,0,0,0,0,2,0,2,,,
5,2,Mumbai Indians,Gujarat Titans,2,2,Tilak Varma,RG Sharma,SA Sudharsan,0,0,0,0,0,0,0,0,0,,,
5,2,Mumbai Indians,Gujarat Titans,2,3,RG Sharma,Ishan Kishan,DA Miller,0,0,0,0,0,0,4,0,4,,,
5,2,Mumbai Indians,Gujarat Titans,2,4,Ishan Kishan,Tilak Varma,Shubman Gill,0,0,0,0,0,0,1,0,1,,,
5,2,Mumbai Indians,Gujarat Titans,2,5,Tilak Varma,RG Sharma,SA Sudharsan,0,0,0,0,0,0,6,0,6,,,
5,2,Mumbai Indians,Gujarat Titans,2,6,RG Sharma,Ishan Kishan,DA Miller,0,0,0,0,0,0,1,0,1,,,
5,2,Mumbai Indians,Gujarat Titans,3,1,Ishan Kishan,Tilak Varma,Shubman Gill,0,0,0,0,0,0,2,0,2,,,
5,2,Mumbai Indians,Gujarat Titans,3,2,Tilak Varma,RG Sharma,SA Sudharsan,0,0,0,0,0,0,0,0,0,,,
5,2,Mumbai Indians,Gujarat Titans,3,3,RG Sharma,Ishan Kishan,DA Miller,0,0,0,0,0,0,4,0,4,,,
5,2,Mumbai Indians,Gujarat Titans,3,4,Ishan Kishan,Tilak Varma,Shubman Gill,0,0,0,0,0,0,1,0,1,,,
5,2,Mumbai Indians,Gujarat Titans,3,5,Tilak Varma,RG Sharma,SA Sudharsan,0,0,0,0,0,0,6,0,6,,,
5,2,Mumbai Indians,Gujarat Titans,3,6,RG Sharma,Ishan Kishan,DA Miller,0,0,0,0,0,0,1,0,1,,,
5,2,Mumbai Indians,Gujarat Titans,4,1,Ishan Kishan,Tilak Varma,Shubman Gill,0,0,0,0,0,0,2,0,2,,,
5,2,Mumbai Indians,Gujarat Titans,4,2,Tilak Varma,RG Sharma,SA Sudharsan,0,0,0,0,0,0,0,0,0,,,
5,2,Mumbai Indians,Gujarat Titans,4,3,RG Sharma,Ishan Kishan,DA Miller,0,0,0,0,0,0,4,0,4,,,
5,2,Mumbai Indians,Gujarat Titans,4,4,Ishan Kishan,Tilak Varma,Shubman Gill,0,0,0,0,0,0,1,0,1,,,
5,2,Mumbai Indians,Gujarat Titans,4,5,Tilak Varma,RG Sharma,SA Sudharsan,0,0,0,0,0,0,6,0,6,,,
5,2,Mumbai Indians,Gujarat Titans,4,6,RG Sharma,Ishan Kishan,DA Miller,0,0,0,0,0,0,1,0,1,,,
5,2,Mumbai Indians,Gujarat Titans,5,1,Ishan Kishan,Tilak Varma,Shubman Gill,0,0,0,0,0,0,2,0,2,,,
5,2,Mumbai Indians,Gujarat Titans,5,2,Tilak Varma,RG Sharma,SA Sudharsan,0,0,0,0,0,0,0,0,0,,,
5,2,Mumbai Indians,Gujarat Titans,5,3,RG Sharma,Ishan Kishan,DA Miller,0,0,0,0,0,0,4,0,4,,,
5,2,Mumbai Indians,Gujarat Titans,5,4,Ishan Kishan,Tilak Varma,Shubman Gill,0,0,0,0,0,0,1,0,1,,,
5,2,Mumbai Indians,Gujarat Titans,5,5,Tilak Varma,RG Sharma,SA Sudharsan,0,0,0,0,0,0,6,0,6,,,
5,2,Mumbai Indians,Gujarat Titans,5,6,RG Sharma,Ishan Kishan,DA Miller,0,0,0,0,0,0,1,0,1,,,
5,2,Mumbai Indians,Gujarat Titans,6,1,Ishan Kishan,Tilak Varma,Shubman Gill,0,0,0,0,0,0,2,0,2,,,
5,2,Mumbai Indians,Gujarat Titans,6,2,Tilak Varma,RG Sharma,SA Sudharsan,0,0,0,0,0,0,0,0,0,,,
5,2,Mumbai Indians,Gujarat Titans,6,3,RG Sharma,Ishan Kishan,DA Miller,0,0,0,0,0,0,4,0,4,,,
5,2,Mumbai Indians,Gujarat Titans,6,4,Ishan Kishan,Tilak Varma,Shubman Gill,0,0,0,0,0,0,1,0,1,,,
5,2,Mumbai Indians,Gujarat Titans,6,5,Tilak Varma,RG Sharma,SA Sudharsan,0,0,0,0,0,0,6,0,6,,,
5,2,Mumbai Indians,Gujarat Titans,6,6,RG Sharma,Ishan Kishan,DA Miller,0,0,0,0,0,0,1,0,1,,,
5,2,Mumbai Indians,Gujarat Titans,7,1,Ishan Kishan,Tilak Varma,Shubman Gill,0,0,0,0,0,0,2,0,2,,,
5,2,Mumbai Indians,Gujarat Titans,7,2,Tilak Varma,RG Sharma,SA Sudharsan,0,0,0,0,0,0,0,0,0,,,
5,2,Mumbai Indians,Gujarat Titans,7,3,RG Sharma,Ishan Kishan,DA Miller,0,0,0,0,0,0,4,0,4,,,
5,2,Mumbai Indians,Gujarat Titans,7,4,Ishan Kishan,Tilak Varma,Shubman Gill,0,0,0,0,0,0,1,0,1,,,
5,2,Mumbai Indians,Gujarat Titans,7,5,Tilak Varma,RG Sharma,SA Sudharsan,0,0,0,0,0,0,6,0,6,,,
5,2,Mumbai Indians,Gujarat Titans,7,6,RG Sharma,Ishan Kishan,DA Miller,0,0,0,0,0,0,1,0,1,,,
5,2,Mumbai Indians,Gujarat Titans,8,1,Ishan Kishan,Tilak Varma,Shubman Gill,0,0,0,0,0,0,2,0,2,,,
5,2,Mumbai Indians,Gujarat Titans,8,2,Tilak Varma,RG Sharma,SA Sudharsan,0,0,0,0,0,0,0,0,0,RG Sharma,caught,
5,2,Mumbai Indians,Gujarat Titans,8,3,RG Sharma,Ishan Kishan,DA Miller,0,0,0,0,0,0,4,0,4,,,
5,2,Mumbai Indians,Gujarat Titans,8,4,Ishan Kishan,Tilak Varma,Shubman Gill,0,0,0,0,0,0,1,0,1,,,
5,2,Mumbai Indians,Gujarat Titans,8,5,Tilak Varma,RG Sharma,SA Sudharsan,0,0,0,0,0,0,6,0,6,,,
5,2,Mumbai Indians,Gujarat Titans,8,6,RG Sharma,Ishan Kishan,DA Miller,0,0,0,0,0,0,1,0,1,,,
5,2,Mumbai Indians,Gujarat Titans,9,1,Ishan Kishan,Tilak Varma,Shubman Gill,0,0,0,0,0,0,2,0,2,,,
5,2,Mumbai Indians,Gujarat Titans,9,2,Tilak Varma,RG Sharma,SA Sudharsan,0,0,0,0,0,0,0,0,0,,,
5,2,Mumbai Indians,Gujarat Titans,9,3,RG Sharma,Ishan Kishan,DA Miller,0,0,0,0,0,0,4,0,4,,,
5,2,Mumbai Indians,Gujarat Titans,9,4,Ishan Kishan,Tilak Varma,Shubman Gill,0,0,0,0,0,0,1,0,1,,,
5,2,Mumbai Indians,Gujarat Titans,9,5,Tilak Varma,RG Sharma,SA Sudharsan,0,0,0,0,0,0,6,0,6,,,
5,2,Mumbai Indians,Gujarat Titans,9,6,RG Sharma,Ishan Kishan,DA Miller,0,0,0,0,0,0,1,0,1,,,
5,2,Mumbai Indians,Gujarat Titans,10,1,Ishan Kishan,Tilak Varma,Shubman Gill,0,0,0,0,0,0,2,0,2,,,
5,2,Mumbai Indians,Gujarat Titans,10,2,Tilak Varma,RG Sharma,SA Sudharsan,0,0,0,0,0,0,0,0,0,,,
5,2,Mumbai Indians,Gujarat Titans,10,3,RG Sharma,Ishan Kishan,DA Miller,0,0,0,0,0,0,4,0,4,,,
5,2,Mumbai Indians,Gujarat Titans,10,4,Ishan Kishan,Tilak Varma,Shubman Gill,0,0,0,0,0,0,1,0,1,,,
5,2,Mumbai Indians,Gujarat Titans,10,5,Tilak Varma,RG Sharma,SA Sudharsan,0,0,0,0,0,0,6,0,6,,,
5,2,Mumbai Indians,Gujarat Titans,10,6,RG Sharma,Ishan Kishan,DA Miller,0,0,0,0,0,0,1,0,1,,,
5,2,Mumbai Indians,Gujarat Titans,11,1,Ishan Kishan,Tilak Varma,Shubman Gill,0,0,0,0,0,0,2,0,2,,,
5,2,Mumbai Indians,Gujarat Titans,11,2,Tilak Varma,RG Sharma,SA Sudharsan,0,0,0,0,0,0,6,0,6,,,
6,1,Chennai Super Kings,Gujarat Titans,0,1,RD Gaikwad,Rachin Ravindra,DA Miller,0,0,0,0,0,0,4,0,4,,,
6,1,Chennai Super Kings,Gujarat Titans,0,2,Rachin Ravindra,D Conway,Shubman Gill,0,0,0,0,0,0,1,0,1,,,
6,1,Chennai Super Kings,Gujarat Titans,0,3,D Conway,RD Gaikwad,SA Sudharsan,0,0,0,0,0,0,6,0,6,,,
6,1,Chennai Super Kings,Gujarat Titans,0,4,RD Gaikwad,Rachin Ravindra,DA Miller,0,0,0,0,0,0,1,0,1,,,
6,1,Chennai Super Kings,Gujarat Titans,0,5,Rachin Ravindra,D Conway,Shubman Gill,0,0,0,0,0,0,2,0,2,,,
6,1,Chennai Super Kings,Gujarat Titans,0,6,D Conway,RD Gaikwad,SA Sudharsan,0,0,0,0,0,0,0,0,0,,,
6,1,Chennai Super Kings,Gujarat Titans,1,1,RD Gaikwad,Rachin Ravindra,DA Miller,0,0,0,0,0,0,4,0,4,,,
6,1,Chennai Super Kings,Gujarat Titans,1,2,Rachin Ravindra,D Conway,Shubman Gill,0,0,0,0,0,0,1,0,1,,,
6,1,Chennai Super Kings,Gujarat Titans,1,3,D Conway,RD Gaikwad,SA Sudharsan,0,0,0,0,0,0,6,0,6,,,
6,1,Chennai Super Kings,Gujarat Titans,1,4,RD Gaikwad,Rachin Ravindra,DA Miller,0,0,0,0,0,0,1,0,1,,,
6,1,Chennai Super Kings,Gujarat Titans,1,5,Rachin Ravindra,D Conway,Shubman Gill,0,0,0,0,0,0,2,0,2,,,
6,1,Chennai Super Kings,Gujarat Titans,1,6,D Conway,RD Gaikwad,SA Sudharsan,0,0,0,0,0,0,0,0,0,,,
6,1,Chennai Super Kings,Gujarat Titans,2,1,RD Gaikwad,Rachin Ravindra,DA Miller,0,0,0,0,0,0,4,0,4,,,
6,1,Chennai Super Kings,Gujarat Titans,2,2,Rachin Ravindra,D Conway,Shubman Gill,0,0,0,0,0,0,1,0,1,,,
6,1,Chennai Super Kings,Gujarat Titans,2,3,D Conway,RD Gaikwad,SA Sudharsan,0,0,0,0,0,0,6,0,6,,,
6,1,Chennai Super Kings,Gujarat Titans,2,4,RD Gaikwad,Rachin Ravindra,DA Miller,0,0,0,0,0,0,1,0,1,,,
6,1,Chennai Super Kings,Gujarat Titans,2,5,Rachin Ravindra,D Conway,Shubman Gill,0,0,0,0,0,0,2,0,2,,,
6,1,Chennai Super Kings,Gujarat Titans,2,6,D Conway,RD Gaikwad,SA Sudharsan,0,0,0,0,0,0,0,0,0,,,
6,1,Chennai Super Kings,Gujarat Titans,3,1,RD Gaikwad,Rachin Ravindra,DA Miller,0,0,0,0,0,0,4,0,4,,,
6,1,Chennai Super Kings,Gujarat Titans,3,2,Rachin Ravindra,D Conway,Shubman Gill,0,0,0,0,0,0,1,0,1,,,
6,1,Chennai Super Kings,Gujarat Titans,3,3,D Conway,RD Gaikwad,SA Sudharsan,0,0,0,0,0,0,6,0,6,,,
6,1,Chennai Super Kings,Gujarat Titans,3,4,RD Gaikwad,Rachin Ravindra,DA Miller,0,0,0,0,0,0,1,0,1,,,
6,1,Chennai Super Kings,Gujarat Titans,3,5,Rachin Ravindra,D Conway,Shubman Gill,0,0,0,0,0,0,2,0,2,,,
6,1,Chennai Super Kings,Gujarat Titans,3,6,D Conway,RD Gaikwad,SA Sudharsan,0,0,0,0,0,0,0,0,0,,,
6,1,Chennai Super Kings,Gujarat Titans,4,1,RD Gaikwad,Rachin Ravindra,DA Miller,0,0,0,0,0,0,4,0,4,,,
6,1,Chennai Super Kings,Gujarat Titans,4,2,Rachin Ravindra,D Conway,Shubman Gill,0,0,0,0,0,0,1,0,1,,,
6,1,Chennai Super Kings,Gujarat Titans,4,3,D Conway,RD Gaikwad,SA Sudharsan,0,0,0,0,0,0,6,0,6,,,
6,1,Chennai Super Kings,Gujarat Titans,4,4,RD Gaikwad,Rachin Ravindra,DA Miller,0,0,0,0,0,0,1,0,1,,,
6,1,Chennai Super Kings,Gujarat Titans,4,5,Rachin Ravindra,D Conway,Shubman Gill,0,0,0,0,0,0,2,0,2,,,
6,1,Chennai Super Kings,Gujarat Titans,4,6,D Conway,RD Gaikwad,SA Sudharsan,0,0,0,0,0,0,0,0,0,,,
6,1,Chennai Super Kings,Gujarat Titans,5,1,RD Gaikwad,Rachin Ravindra,DA Miller,0,0,0,0,0,0,4,0,4,,,
6,1,Chennai Super Kings,Gujarat Titans,5,2,Rachin Ravindra,D Conway,Shubman Gill,0,0,0,0,0,0,1,0,1,,,
6,1,Chennai Super Kings,Gujarat Titans,5,3,D Conway,RD Gaikwad,SA Sudharsan,0,0,0,0,0,0,6,0,6,,,
6,1,Chennai Super Kings,Gujarat Titans,5,4,RD Gaikwad,Rachin Ravindra,DA Miller,0,0,0,0,0,0,1,0,1,,,
6,1,Chennai Super Kings,Gujarat Titans,5,5,Rachin Ravindra,D Conway,Shubman Gill,0,0,0,0,0,0,2,0,2,,,
6,1,Chennai Super Kings,Gujarat Titans,5,6,D Conway,RD Gaikwad,SA Sudharsan,0,0,0,0,0,0,0,0,0,,,
6,1,Chennai Super Kings,Gujarat Titans,6,1,RD Gaikwad,Rachin Ravindra,DA Miller,0,0,0,0,0,0,4,0,4,,,
6,1,Chennai Super Kings,Gujarat Titans,6,2,Rachin Ravindra,D Conway,Shubman Gill,0,0,0,0,0,0,1,0,1,,,
6,1,Chennai Super Kings,Gujarat Titans,6,3,D Conway,RD Gaikwad,SA Sudharsan,0,0,0,0,0,0,6,0,6,,,
6,1,Chennai Super Kings,Gujarat Titans,6,4,RD Gaikwad,Rachin Ravindra,DA Miller,0,0,0,0,0,0,1,0,1,,,
6,1,Chennai Super Kings,Gujarat Titans,6,5,Rachin Ravindra,D Conway,Shubman Gill,0,0,0,0,0,0,2,0,2,,,
6,1,Chennai Super Kings,Gujarat Titans,6,6,D Conway,RD Gaikwad,SA Sudharsan,0,0,0,0,0,0,0,0,0,,,
6,1,Chennai Super Kings,Gujarat Titans,7,1,RD Gaikwad,Rachin Ravindra,DA Miller,0,0,0,0,0,0,4,0,4,,,
6,1,Chennai Super Kings,Gujarat Titans,7,2,Rachin Ravindra,D Conway,Shubman Gill,0,0,0,0,0,0,1,0,1,,,
6,1,Chennai Super Kings,Gujarat Titans,7,3,D Conway,RD Gaikwad,SA Sudharsan,0,0,0,0,0,0,6,0,6,,,
6,1,Chennai Super Kings,Gujarat Titans,7,4,RD Gaikwad,Rachin Ravindra,DA Miller,0,0,0,0,0,0,1,0,1,,,
6,1,Chennai Super Kings,Gujarat Titans,7,5,Rachin Ravindra,D Conway,Shubman Gill,0,0,0,0,0,0,2,0,2,,,
6,1,Chennai Super Kings,Gujarat Titans,7,6,D Conway,RD Gaikwad,SA Sudharsan,0,0,0,0,0,0,0,0,0,,,
6,1,Chennai Super Kings,Gujarat Titans,8,1,RD Gaikwad,Rachin Ravindra,DA Miller,0,0,0,0,0,0,4,0,4,,,
6,1,Chennai Super Kings,Gujarat Titans,8,2,Rachin Ravindra,D Conway,Shubman Gill,0,0,0,0,0,0,1,0,1,,,
6,1,Chennai Super Kings,Gujarat Titans,8,3,D Conway,RD Gaikwad,SA Sudharsan,0,0,0,0,0,0,6,0,6,,,
6,1,Chennai Super Kings,Gujarat Titans,8,4,RD Gaikwad,Rachin Ravindra,DA Miller,0,0,0,0,0,0,1,0,1,,,
6,1,Chennai Super Kings,Gujarat Titans,8,5,Rachin Ravindra,D Conway,Shubman Gill,0,0,0,0,0,0,2,0,2,,,
6,1,Chennai Super Kings,Gujarat Titans,8,6,D Conway,RD Gaikwad,SA Sudharsan,0,0,0,0,0,0,0,0,0,,,
6,1,Chennai Super Kings,Gujarat Titans,9,1,RD Gaikwad,Rachin Ravindra,DA Miller,0,0,0,0,0,0,4,0,4,,,
6,1,Chennai Super Kings,Gujarat Titans,9,2,Rachin Ravindra,D Conway,Shubman Gill,0,0,0,0,0,0,1,0,1,,,
6,1,Chennai Super Kings,Gujarat Titans,9,3,D Conway,RD Gaikwad,SA Sudharsan,0,0,0,0,0,0,6,0,6,,,
6,1,Chennai Super Kings,Gujarat Titans,9,4,RD Gaikwad,Rachin Ravindra,DA Miller,0,0,0,0,0,0,1,0,1,,,
6,1,Chennai Super Kings,Gujarat Titans,9,5,Rachin Ravindra,D Conway,Shubman Gill,0,0,0,0,0,0,2,0,2,,,
6,1,Chennai Super Kings,Gujarat Titans,9,6,D Conway,RD Gaikwad,SA Sudharsan,0,0,0,0,0,0,0,0,0,,,
6,1,Chennai Super Kings,Gujarat Titans,10,1,RD Gaikwad,Rachin Ravindra,DA Miller,0,0,0,0,0,0,4,0,4,,,
6,1,Chennai Super Kings,Gujarat Titans,10,2,Rachin Ravindra,D Conway,Shubman Gill,0,0,0,0,0,0,1,0,1,,,
6,1,Chennai Super Kings,Gujarat Titans,10,3,D Conway,RD Gaikwad,SA Sudharsan,0,0,0,0,0,0,6,0,6,,,
6,1,Chennai Super Kings,Gujarat Titans,10,4,RD Gaikwad,Rachin Ravindra,DA Miller,0,0,0,0,0,0,1,0,1,,,
6,1,Chennai Super Kings,Gujarat Titans,10,5,Rachin Ravindra,D Conway,Shubman Gill,0,0,0,0,0,0,2,0,2,,,
6,1,Chennai Super Kings,Gujarat Titans,10,6,D Conway,RD Gaikwad,SA Sudharsan,0,0,0,0,0,0,0,0,0,,,
6,1,Chennai Super Kings,Gujarat Titans,11,1,RD Gaikwad,Rachin Ravindra,DA Miller,0,0,0,0,0,0,4,0,4,,,
6,1,Chennai Super Kings,Gujarat Titans,11,2,Rachin Ravindra,D Conway,Shubman Gill,0,0,0,0,0,0,1,0,1,,,
6,1,Chennai Super Kings,Gujarat Titans,11,3,D Conway,RD Gaikwad,SA Sudharsan,0,0,0,0,0,0,6,0,6,,,
6,1,Chennai Super Kings,Gujarat Titans,11,4,RD Gaikwad,Rachin Ravindra,DA Miller,0,0,0,0,0,0,1,0,1,,,
6,1,Chennai Super Kings,Gujarat Titans,11,5,Rachin Ravindra,D Conway,Shubman Gill,0,0,0,0,0,0,2,0,2,,,
6,1,Chennai Super Kings,Gujarat Titans,11,6,D Conway,RD Gaikwad,SA Sudharsan,0,0,0,0,0,0,0,0,0,,,
6,1,Chennai Super Kings,Gujarat Titans,12,1,RD Gaikwad,Rachin Ravindra,DA Miller,0,0,0,0,0,0,4,0,4,,,
6,1,Chennai Super Kings,Gujarat Titans,12,2,Rachin Ravindra,D Conway,Shubman Gill,0,0,0,0,0,0,1,0,1,,,
6,1,Chennai Super Kings,Gujarat Titans,12,3,D Conway,RD Gaikwad,SA Sudharsan,0,0,0,0,0,0,6,0,6,,,
6,1,Chennai Super Kings,Gujarat Titans,12,4,RD Gaikwad,Rachin Ravindra,DA Miller,0,0,0,0,0,0,1,0,1,,,
6,1,Chennai Super Kings,Gujarat Titans,12,5,Rachin Ravindra,D Conway,Shubman Gill,0,0,0,0,0,0,2,0,2,,,
6,1,Chennai Super Kings,Gujarat Titans,12,6,D Conway,RD Gaikwad,SA Sudharsan,0,0,0,0,0,0,0,0,0,,,
6,1,Chennai Super Kings,Gujarat Titans,13,1,RD Gaikwad,Rachin Ravindra,DA Miller,0,0,0,0,0,0,4,0,4,,,
6,1,Chennai Super Kings,Gujarat Titans,13,2,Rachin Ravindra,D Conway,Shubman Gill,0,0,0,0,0,0,1,0,1,,,
6,1,Chennai Super Kings,Gujarat Titans,13,3,D Conway,RD Gaikwad,SA Sudharsan,0,0,0,0,0,0,6,0,6,,,
6,1,Chennai Super Kings,Gujarat Titans,13,4,RD Gaikwad,Rachin Ravindra,DA Miller,0,0,0,0,0,0,1,0,1,,,
6,1,Chennai Super Kings,Gujarat Titans,13,5,Rachin Ravindra,D Conway,Shubman Gill,0,0,0,0,0,0,2,0,2,,,
6,1,Chennai Super Kings,Gujarat Titans,13,6,D Conway,RD Gaikwad,SA Sudharsan,0,0,0,0,0,0,0,0,0,,,
6,1,Chennai Super Kings,Gujarat Titans,14,1,RD Gaikwad,Rachin Ravindra,DA Miller,0,0,0,0,0,0,4,0,4,,,
6,1,Chennai Super Kings,Gujarat Titans,14,2,Rachin Ravindra,D Conway,Shubman Gill,0,0,0,0,0,0,6,0,6,,,
6,2,Gujarat Titans,Chennai Super Kings,0,1,DA Miller,Shubman Gill,Rachin Ravindra,0,0,0,0,0,0,6,0,6,,,
6,2,Gujarat Titans,Chennai Super Kings,0,2,Shubman Gill,SA Sudharsan,D Conway,0,0,0,0,0,0,1,0,1,,,
6,2,Gujarat Titans,Chennai Super Kings,0,3,SA Sudharsan,DA Miller,RD Gaikwad,0,0,0,0,0,0,2,0,2,,,
6,2,Gujarat Titans,Chennai Super Kings,0,4,DA Miller,Shubman Gill,Rachin Ravindra,0,0,0,0,0,0,0,0,0,,,
6,2,Gujarat Titans,Chennai Super Kings,0,5,Shubman Gill,SA Sudharsan,D Conway,0,0,0,0,0,0,4,0,4,,,
6,2,Gujarat Titans,Chennai Super Kings,0,6,SA Sudharsan,DA Miller,RD Gaikwad,0,0,0,0,0,0,1,0,1,,,
6,2,Gujarat Titans,Chennai Super Kings,1,1,DA Miller,Shubman Gill,Rachin Ravindra,0,0,0,0,0,0,6,0,6,,,
6,2,Gujarat Titans,Chennai Super Kings,1,2,Shubman Gill,SA Sudharsan,D Conway,0,0,0,0,0,0,1,0,1,,,
6,2,Gujarat Titans,Chennai Super Kings,1,3,SA Sudharsan,DA Miller,RD Gaikwad,0,0,0,0,0,0,2,0,2,,,
6,2,Gujarat Titans,Chennai Super Kings,1,4,DA Miller,Shubman Gill,Rachin Ravindra,0,0,0,0,0,0,0,0,0,Shubman Gill,caught,
6,2,Gujarat Titans,Chennai Super Kings,1,5,Shubman Gill,SA Sudharsan,D Conway,0,0,0,0,0,0,4,0,4,,,
6,2,Gujarat Titans,Chennai Super Kings,1,6,SA Sudharsan,DA Miller,RD Gaikwad,0,0,0,0,0,0,1,0,1,,,
6,2,Gujarat Titans,Chennai Super Kings,2,1,DA Miller,Shubman Gill,Rachin Ravindra,0,0,0,0,0,0,6,0,6,,,
6,2,Gujarat Titans,Chennai Super Kings,2,2,Shubman Gill,SA Sudharsan,D Conway,0,0,0,0,0,0,1,0,1,,,
6,2,Gujarat Titans,Chennai Super Kings,2,3,SA Sudharsan,DA Miller,RD Gaikwad,0,0,0,0,0,0,2,0,2,,,
6,2,Gujarat Titans,Chennai Super Kings,2,4,DA Miller,Shubman Gill,Rachin Ravindra,0,0,0,0,0,0,0,0,0,,,
6,2,Gujarat Titans,Chennai Super Kings,2,5,Shubman Gill,SA Sudharsan,D Conway,0,0,0,0,0,0,4,0,4,,,
6,2,Gujarat Titans,Chennai Super Kings,2,6,SA Sudharsan,DA Miller,RD Gaikwad,0,0,0,0,0,0,1,0,1,,,
6,2,Gujarat Titans,Chennai Super Kings,3,1,DA Miller,Shubman Gill,Rachin Ravindra,0,0,0,0,0,0,6,0,6,,,
6,2,Gujarat Titans,Chennai Super Kings,3,2,Shubman Gill,SA Sudharsan,D Conway,0,0,0,0,0,0,1,0,1,,,
6,2,Gujarat Titans,Chennai Super Kings,3,3,SA Sudharsan,DA Miller,RD Gaikwad,0,0,0,0,0,0,2,0,2,,,
6,2,Gujarat Titans,Chennai Super Kings,3,4,DA Miller,Shubman Gill,Rachin Ravindra,0,0,0,0,0,0,0,0,0,,,
6,2,Gujarat Titans,Chennai Super Kings,3,5,Shubman Gill,SA Sudharsan,D Conway,0,0,0,0,0,0,4,0,4,,,
6,2,Gujarat Titans,Chennai Super Kings,3,6,SA Sudharsan,DA Miller,RD Gaikwad,0,0,0,0,0,0,1,0,1,,,
6,2,Gujarat Titans,Chennai Super Kings,4,1,DA Miller,Shubman Gill,Rachin Ravindra,0,0,0,0,0,0,6,0,6,,,
6,2,Gujarat Titans,Chennai Super Kings,4,2,Shubman Gill,SA Sudharsan,D Conway,0,0,0,0,0,0,1,0,1,,,
6,2,Gujarat Titans,Chennai Super Kings,4,3,SA Sudharsan,DA Miller,RD Gaikwad,0,0,0,0,0,0,2,0,2,,,
6,2,Gujarat Titans,Chennai Super Kings,4,4,DA Miller,Shubman Gill,Rachin Ravindra,0,0,0,0,0,0,0,0,0,,,
6,2,Gujarat Titans,Chennai Super Kings,4,5,Shubman Gill,SA Sudharsan,D Conway,0,0,0,0,0,0,4,0,4,,,
6,2,Gujarat Titans,Chennai Super Kings,4,6,SA Sudharsan,DA Miller,RD Gaikwad,0,0,0,0,0,0,1,0,1,,,
6,2,Gujarat Titans,Chennai Super Kings,5,1,DA Miller,Shubman Gill,Rachin Ravindra,0,0,0,0,0,0,6,0,6,,,
6,2,Gujarat Titans,Chennai Super Kings,5,2,Shubman Gill,SA Sudharsan,D Conway,0,0,0,0,0,0,1,0,1,,,
6,2,Gujarat Titans,Chennai Super Kings,5,3,SA Sudharsan,DA Miller,RD Gaikwad,0,0,0,0,0,0,2,0,2,,,
6,2,Gujarat Titans,Chennai Super Kings,5,4,DA Miller,Shubman Gill,Rachin Ravindra,0,0,0,0,0,0,0,0,0,,,
6,2,Gujarat Titans,Chennai Super Kings,5,5,Shubman Gill,SA Sudharsan,D Conway,0,0,0,0,0,0,4,0,4,,,
6,2,Gujarat Titans,Chennai Super Kings,5,6,SA Sudharsan,DA Miller,RD Gaikwad,0,0,0,0,0,0,1,0,1,,,
6,2,Gujarat Titans,Chennai Super Kings,6,1,DA Miller,Shubman Gill,Rachin Ravindra,0,0,0,0,0,0,6,0,6,,,
6,2,Gujarat Titans,Chennai Super Kings,6,2,Shubman Gill,SA Sudharsan,D Conway,0,0,0,0,0,0,1,0,1,,,
6,2,Gujarat Titans,Chennai Super Kings,6,3,SA Sudharsan,DA Miller,RD Gaikwad,0,0,0,0,0,0,2,0,2,,,
6,2,Gujarat Titans,Chennai Super Kings,6,4,DA Miller,Shubman Gill,Rachin Ravindra,0,0,0,0,0,0,0,0,0,,,
6,2,Gujarat Titans,Chennai Super Kings,6,5,Shubman Gill,SA Sudharsan,D Conway,0,0,0,0,0,0,4,0,4,,,
6,2,Gujarat Titans,Chennai Super Kings,6,6,SA Sudharsan,DA Miller,RD Gaikwad,0,0,0,0,0,0,1,0,1,,,
6,2,Gujarat Titans,Chennai Super Kings,7,1,DA Miller,Shubman Gill,Rachin Ravindra,0,0,0,0,0,0,6,0,6,,,
6,2,Gujarat Titans,Chennai Super Kings,7,2,Shubman Gill,SA Sudharsan,D Conway,0,0,0,0,0,0,1,0,1,,,
6,2,Gujarat Titans,Chennai Super Kings,7,3,SA Sudharsan,DA Miller,RD Gaikwad,0,0,0,0,0,0,2,0,2,,,
6,2,Gujarat Titans,Chennai Super Kings,7,4,DA Miller,Shubman Gill,Rachin Ravindra,0,0,0,0,0,0,0,0,0,,,
6,2,Gujarat Titans,Chennai Super Kings,7,5,Shubman Gill,SA Sudharsan,D Conway,0,0,0,0,0,0,4,0,4,,,
6,2,Gujarat Titans,Chennai Super Kings,7,6,SA Sudharsan,DA Miller,RD Gaikwad,0,0,0,0,0,0,1,0,1,,,
6,2,Gujarat Titans,Chennai Super Kings,8,1,DA Miller,Shubman Gill,Rachin Ravindra,0,0,0,0,0,0,6,0,6,,,
6,2,Gujarat Titans,Chennai Super Kings,8,2,Shubman Gill,SA Sudharsan,D Conway,0,0,0,0,0,0,1,0,1,,,
6,2,Gujarat Titans,Chennai Super Kings,8,3,SA Sudharsan,DA Miller,RD Gaikwad,0,0,0,0,0,0,2,0,2,,,
6,2,Gujarat Titans,Chennai Super Kings,8,4,DA Miller,Shubman Gill,Rachin Ravindra,0,0,0,0,0,0,0,0,0,,,
6,2,Gujarat Titans,Chennai Super Kings,8,5,Shubman Gill,SA Sudharsan,D Conway,0,0,0,0,0,0,4,0,4,,,
6,2,Gujarat Titans,Chennai Super Kings,8,6,SA Sudharsan,DA Miller,RD Gaikwad,0,0,0,0,0,0,1,0,1,,,
6,2,Gujarat Titans,Chennai Super Kings,9,1,DA Miller,Shubman Gill,Rachin Ravindra,0,0,0,0,0,0,6,0,6,,,
6,2,Gujarat Titans,Chennai Super Kings,9,2,Shubman Gill,SA Sudharsan,D Conway,0,0,0,0,0,0,1,0,1,,,
6,2,Gujarat Titans,Chennai Super Kings,9,3,SA Sudharsan,DA Miller,RD Gaikwad,0,0,0,0,0,0,2,0,2,,,
6,2,Gujarat Titans,Chennai Super Kings,9,4,DA Miller,Shubman Gill,Rachin Ravindra,0,0,0,0,0,0,0,0,0,,,
6,2,Gujarat Titans,Chennai Super Kings,9,5,Shubman Gill,SA Sudharsan,D Conway,0,0,0,0,0,0,4,0,4,,,
6,2,Gujarat Titans,Chennai Super Kings,9,6,SA Sudharsan,DA Miller,RD Gaikwad,0,0,0,0,0,0,4,0,4,,,
7,1,Royal Challengers Bangalore,Punjab Kings,0,1,RM Patidar,V Kohli,S Dhawan,0,0,0,0,0,0,6,0,6,,,
7,1,Royal Challengers Bangalore,Punjab Kings,0,2,V Kohli,F du Plessis,JM Bairstow,0,0,0,0,0,0,1,0,1,,,
7,1,Royal Challengers Bangalore,Punjab Kings,0,3,F du Plessis,RM Patidar,SM Curran,0,0,0,0,0,0,2,0,2,,,
7,1,Royal Challengers Bangalore,Punjab Kings,0,4,RM Patidar,V Kohli,S Dhawan,0,0,0,0,0,0,0,0,0,,,
7,1,Royal Challengers Bangalore,Punjab Kings,0,5,V Kohli,F du Plessis,JM Bairstow,0,0,0,0,0,0,4,0,4,,,
7,1,Royal Challengers Bangalore,Punjab Kings,0,6,F du Plessis,RM Patidar,SM Curran,0,0,0,0,0,0,1,0,1,,,
7,1,Royal Challengers Bangalore,Punjab Kings,1,1,RM Patidar,V Kohli,S Dhawan,0,0,0,0,0,0,6,0,6,,,
7,1,Royal Challengers Bangalore,Punjab Kings,1,2,V Kohli,F du Plessis,JM Bairstow,0,0,0,0,0,0,1,0,1,,,
7,1,Royal Challengers Bangalore,Punjab Kings,1,3,F du Plessis,RM Patidar,SM Curran,0,0,0,0,0,0,2,0,2,,,
7,1,Royal Challengers Bangalore,Punjab Kings,1,4,RM Patidar,V Kohli,S Dhawan,0,0,0,0,0,0,0,0,0,,,
7,1,Royal Challengers Bangalore,Punjab Kings,1,5,V Kohli,F du Plessis,JM Bairstow,0,0,0,0,0,0,4,0,4,,,
7,1,Royal Challengers Bangalore,Punjab Kings,1,6,F du Plessis,RM Patidar,SM Curran,0,0,0,0,0,0,1,0,1,,,
7,1,Royal Challengers Bangalore,Punjab Kings,2,1,RM Patidar,V Kohli,S Dhawan,0,0,0,0,0,0,6,0,6,,,
7,1,Royal Challengers Bangalore,Punjab Kings,2,2,V Kohli,F du Plessis,JM Bairstow,0,0,0,0,0,0,1,0,1,,,
7,1,Royal Challengers Bangalore,Punjab Kings,2,3,F du Plessis,RM Patidar,SM Curran,0,0,0,0,0,0,2,0,2,,,
7,1,Royal Challengers Bangalore,Punjab Kings,2,4,RM Patidar,V Kohli,S Dhawan,0,0,0,0,0,0,0,0,0,,,
7,1,Royal Challengers Bangalore,Punjab Kings,2,5,V Kohli,F du Plessis,JM Bairstow,0,0,0,0,0,0,4,0,4,,,
7,1,Royal Challengers Bangalore,Punjab Kings,2,6,F du Plessis,RM Patidar,SM Curran,0,0,0,0,0,0,1,0,1,,,
7,1,Royal Challengers Bangalore,Punjab Kings,3,1,RM Patidar,V Kohli,S Dhawan,0,0,0,0,0,0,6,0,6,,,
7,1,Royal Challengers Bangalore,Punjab Kings,3,2,V Kohli,F du Plessis,JM Bairstow,0,0,0,0,0,0,1,0,1,,,
7,1,Royal Challengers Bangalore,Punjab Kings,3,3,F du Plessis,RM Patidar,SM Curran,0,0,0,0,0,0,2,0,2,,,
7,1,Royal Challengers Bangalore,Punjab Kings,3,4,RM Patidar,V Kohli,S Dhawan,0,0,0,0,0,0,0,0,0,,,
7,1,Royal Challengers Bangalore,Punjab Kings,3,5,V Kohli,F du Plessis,JM Bairstow,0,0,0,0,0,0,4,0,4,,,
7,1,Royal Challengers Bangalore,Punjab Kings,3,6,F du Plessis,RM Patidar,SM Curran,0,0,0,0,0,0,1,0,1,,,
7,1,Royal Challengers Bangalore,Punjab Kings,4,1,RM Patidar,V Kohli,S Dhawan,0,0,0,0,0,0,6,0,6,,,
7,1,Royal Challengers Bangalore,Punjab Kings,4,2,V Kohli,F du Plessis,JM Bairstow,0,0,0,0,0,0,1,0,1,,,
7,1,Royal Challengers Bangalore,Punjab Kings,4,3,F du Plessis,RM Patidar,SM Curran,0,0,0,0,0,0,2,0,2,,,
7,1,Royal Challengers Bangalore,Punjab Kings,4,4,RM Patidar,V Kohli,S Dhawan,0,0,0,0,0,0,0,0,0,,,
7,1,Royal Challengers Bangalore,Punjab Kings,4,5,V Kohli,F du Plessis,JM Bairstow,0,0,0,0,0,0,4,0,4,,,
7,1,Royal Challengers Bangalore,Punjab Kings,4,6,F du Plessis,RM Patidar,SM Curran,0,0,0,0,0,0,1,0,1,,,
7,1,Royal Challengers Bangalore,Punjab Kings,5,1,RM Patidar,V Kohli,S Dhawan,0,0,0,0,0,0,6,0,6,,,
7,1,Royal Challengers Bangalore,Punjab Kings,5,2,V Kohli,F du Plessis,JM Bairstow,0,0,0,0,0,0,1,0,1,,,
7,1,Royal Challengers Bangalore,Punjab Kings,5,3,F du Plessis,RM Patidar,SM Curran,0,0,0,0,0,0,2,0,2,,,
7,1,Royal Challengers Bangalore,Punjab Kings,5,4,RM Patidar,V Kohli,S Dhawan,0,0,0,0,0,0,0,0,0,,,
7,1,Royal Challengers Bangalore,Punjab Kings,5,5,V Kohli,F du Plessis,JM Bairstow,0,0,0,0,0,0,4,0,4,,,
7,1,Royal Challengers Bangalore,Punjab Kings,5,6,F du Plessis,RM Patidar,SM Curran,0,0,0,0,0,0,1,0,1,,,
7,1,Royal Challengers Bangalore,Punjab Kings,6,1,RM Patidar,V Kohli,S Dhawan,0,0,0,0,0,0,6,0,6,,,
7,1,Royal Challengers Bangalore,Punjab Kings,6,2,V Kohli,F du Plessis,JM Bairstow,0,0,0,0,0,0,1,0,1,,,
7,1,Royal Challengers Bangalore,Punjab Kings,6,3,F du Plessis,RM Patidar,SM Curran,0,0,0,0,0,0,2,0,2,,,
7,1,Royal Challengers Bangalore,Punjab Kings,6,4,RM Patidar,V Kohli,S Dhawan,0,0,0,0,0,0,0,0,0,,,
7,1,Royal Challengers Bangalore,Punjab Kings,6,5,V Kohli,F du Plessis,JM Bairstow,0,0,0,0,0,0,4,0,4,,,
7,1,Royal Challengers Bangalore,Punjab Kings,6,6,F du Plessis,RM Patidar,SM Curran,0,0,0,0,0,0,1,0,1,,,
7,1,Royal Challengers Bangalore,Punjab Kings,7,1,RM Patidar,V Kohli,S Dhawan,0,0,0,0,0,0,6,0,6,,,
7,1,Royal Challengers Bangalore,Punjab Kings,7,2,V Kohli,F du Plessis,JM Bairstow,0,0,0,0,0,0,1,0,1,,,
7,1,Royal Challengers Bangalore,Punjab Kings,7,3,F du Plessis,RM Patidar,SM Curran,0,0,0,0,0,0,2,0,2,,,
7,1,Royal Challengers Bangalore,Punjab Kings,7,4,RM Patidar,V Kohli,S Dhawan,0,0,0,0,0,0,0,0,0,,,
7,1,Royal Challengers Bangalore,Punjab Kings,7,5,V Kohli,F du Plessis,JM Bairstow,0,0,0,0,0,0,4,0,4,,,
7,1,Royal Challengers Bangalore,Punjab Kings,7,6,F du Plessis,RM Patidar,SM Curran,0,0,0,0,0,0,1,0,1,,,
7,1,Royal Challengers Bangalore,Punjab Kings,8,1,RM Patidar,V Kohli,S Dhawan,0,0,0,0,0,0,6,0,6,,,
7,1,Royal Challengers Bangalore,Punjab Kings,8,2,V Kohli,F du Plessis,JM Bairstow,0,0,0,0,0,0,1,0,1,,,
7,1,Royal Challengers Bangalore,Punjab Kings,8,3,F du Plessis,RM Patidar,SM Curran,0,0,0,0,0,0,2,0,2,,,
7,1,Royal Challengers Bangalore,Punjab Kings,8,4,RM Patidar,V Kohli,S Dhawan,0,0,0,0,0,0,0,0,0,,,
7,1,Royal Challengers Bangalore,Punjab Kings,8,5,V Kohli,F du Plessis,JM Bairstow,0,0,0,0,0,0,4,0,4,,,
7,1,Royal Challengers Bangalore,Punjab Kings,8,6,F du Plessis,RM Patidar,SM Curran,0,0,0,0,0,0,1,0,1,,,
7,1,Royal Challengers Bangalore,Punjab Kings,9,1,RM Patidar,V Kohli,S Dhawan,0,0,0,0,0,0,6,0,6,,,
7,1,Royal Challengers Bangalore,Punjab Kings,9,2,V Kohli,F du Plessis,JM Bairstow,0,0,0,0,0,0,1,0,1,,,
7,1,Royal Challengers Bangalore,Punjab Kings,9,3,F du Plessis,RM Patidar,SM Curran,0,0,0,0,0,0,2,0,2,,,
7,1,Royal Challengers Bangalore,Punjab Kings,9,4,RM Patidar,V Kohli,S Dhawan,0,0,0,0,0,0,0,0,0,,,
7,1,Royal Challengers Bangalore,Punjab Kings,9,5,V Kohli,F du Plessis,JM Bairstow,0,0,0,0,0,0,4,0,4,,,
7,1,Royal Challengers Bangalore,Punjab Kings,9,6,F du Plessis,RM Patidar,SM Curran,0,0,0,0,0,0,1,0,1,,,
7,1,Royal Challengers Bangalore,Punjab Kings,10,1,RM Patidar,V Kohli,S Dhawan,0,0,0,0,0,0,6,0,6,,,
7,1,Royal Challengers Bangalore,Punjab Kings,10,2,V Kohli,F du Plessis,JM Bairstow,0,0,0,0,0,0,1,0,1,,,
7,1,Royal Challengers Bangalore,Punjab Kings,10,3,F du Plessis,RM Patidar,SM Curran,0,0,0,0,0,0,2,0,2,,,
7,1,Royal Challengers Bangalore,Punjab Kings,10,4,RM Patidar,V Kohli,S Dhawan,0,0,0,0,0,0,0,0,0,V Kohli,caught,
7,1,Royal Challengers Bangalore,Punjab Kings,10,5,V Kohli,F du Plessis,JM Bairstow,0,0,0,0,0,0,4,0,4,,,
7,1,Royal Challengers Bangalore,Punjab Kings,10,6,F du Plessis,RM Patidar,SM Curran,0,0,0,0,0,0,1,0,1,,,
7,1,Royal Challengers Bangalore,Punjab Kings,11,1,RM Patidar,V Kohli,S Dhawan,0,0,0,0,0,0,6,0,6,,,
7,1,Royal Challengers Bangalore,Punjab Kings,11,2,V Kohli,F du Plessis,JM Bairstow,0,0,0,0,0,0,1,0,1,,,
7,1,Royal Challengers Bangalore,Punjab Kings,11,3,F du Plessis,RM Patidar,SM Curran,0,0,0,0,0,0,2,0,2,,,
7,1,Royal Challengers Bangalore,Punjab Kings,11,4,RM Patidar,V Kohli,S Dhawan,0,0,0,0,0,0,0,0,0,,,
7,1,Royal Challengers Bangalore,Punjab Kings,11,5,V Kohli,F du Plessis,JM Bairstow,0,0,0,0,0,0,4,0,4,,,
7,1,Royal Challengers Bangalore,Punjab Kings,11,6,F du Plessis,RM Patidar,SM Curran,0,0,0,0,0,0,1,0,1,,,
7,1,Royal Challengers Bangalore,Punjab Kings,12,1,RM Patidar,V Kohli,S Dhawan,0,0,0,0,0,0,6,0,6,,,
7,1,Royal Challengers Bangalore,Punjab Kings,12,2,V Kohli,F du Plessis,JM Bairstow,0,0,0,0,0,0,2,0,2,,,
7,2,Punjab Kings,Royal Challengers Bangalore,0,1,S Dhawan,JM Bairstow,V Kohli,0,0,0,0,0,0,2,0,2,,,
7,2,Punjab Kings,Royal Challengers Bangalore,0,2,JM Bairstow,SM Curran,F du Plessis,0,0,0,0,0,0,0,0,0,,,
7,2,Punjab Kings,Royal Challengers Bangalore,0,3,SM Curran,S Dhawan,RM Patidar,0,0,0,0,0,0,4,0,4,,,
7,2,Punjab Kings,Royal Challengers Bangalore,0,4,S Dhawan,JM Bairstow,V Kohli,0,0,0,0,0,0,1,0,1,,,
7,2,Punjab Kings,Royal Challengers Bangalore,0,5,JM Bairstow,SM Curran,F du Plessis,0,0,0,0,0,0,6,0,6,,,
7,2,Punjab Kings,Royal Challengers Bangalore,0,6,SM Curran,S Dhawan,RM Patidar,0,0,0,0,0,0,1,0,1,,,
7,2,Punjab Kings,Royal Challengers Bangalore,1,1,S Dhawan,JM Bairstow,V Kohli,0,0,0,0,0,0,2,0,2,,,
7,2,Punjab Kings,Royal Challengers Bangalore,1,2,JM Bairstow,SM Curran,F du Plessis,0,0,0,0,0,0,0,0,0,,,
7,2,Punjab Kings,Royal Challengers Bangalore,1,3,SM Curran,S Dhawan,RM Patidar,0,0,0,0,0,0,4,0,4,,,
7,2,Punjab Kings,Royal Challengers Bangalore,1,4,S Dhawan,JM Bairstow,V Kohli,0,0,0,0,0,0,1,0,1,,,
7,2,Punjab Kings,Royal Challengers Bangalore,1,5,JM Bairstow,SM Curran,F du Plessis,0,0,0,0,0,0,6,0,6,,,
7,2,Punjab Kings,Royal Challengers Bangalore,1,6,SM Curran,S Dhawan,RM Patidar,0,0,0,0,0,0,1,0,1,,,
7,2,Punjab Kings,Royal Challengers Bangalore,2,1,S Dhawan,JM Bairstow,V Kohli,0,0,0,0,0,0,2,0,2,,,
7,2,Punjab Kings,Royal Challengers Bangalore,2,2,JM Bairstow,SM Curran,F du Plessis,0,0,0,0,0,0,0,0,0,,,
7,2,Punjab Kings,Royal Challengers Bangalore,2,3,SM Curran,S Dhawan,RM Patidar,0,0,0,0,0,0,4,0,4,,,
7,2,Punjab Kings,Royal Challengers Bangalore,2,4,S Dhawan,JM Bairstow,V Kohli,0,0,0,0,0,0,1,0,1,,,
7,2,Punjab Kings,Royal Challengers Bangalore,2,5,JM Bairstow,SM Curran,F du Plessis,0,0,0,0,0,0,6,0,6,,,
7,2,Punjab Kings,Royal Challengers Bangalore,2,6,SM Curran,S Dhawan,RM Patidar,0,0,0,0,0,0,1,0,1,,,
7,2,Punjab Kings,Royal Challengers Bangalore,3,1,S Dhawan,JM Bairstow,V Kohli,0,0,0,0,0,0,2,0,2,,,
7,2,Punjab Kings,Royal Challengers Bangalore,3,2,JM Bairstow,SM Curran,F du Plessis,0,0,0,0,0,0,0,0,0,,,
7,2,Punjab Kings,Royal Challengers Bangalore,3,3,SM Curran,S Dhawan,RM Patidar,0,0,0,0,0,0,4,0,4,,,
7,2,Punjab Kings,Royal Challengers Bangalore,3,4,S Dhawan,JM Bairstow,V Kohli,0,0,0,0,0,0,1,0,1,,,
7,2,Punjab Kings,Royal Challengers Bangalore,3,5,JM Bairstow,SM Curran,F du Plessis,0,0,0,0,0,0,6,0,6,,,
7,2,Punjab Kings,Royal Challengers Bangalore,3,6,SM Curran,S Dhawan,RM Patidar,0,0,0,0,0,0,1,0,1,,,
7,2,Punjab Kings,Royal Challengers Bangalore,4,1,S Dhawan,JM Bairstow,V Kohli,0,0,0,0,0,0,2,0,2,,,
7,2,Punjab Kings,Royal Challengers Bangalore,4,2,JM Bairstow,SM Curran,F du Plessis,0,0,0,0,0,0,0,0,0,,,
7,2,Punjab Kings,Royal Challengers Bangalore,4,3,SM Curran,S Dhawan,RM Patidar,0,0,0,0,0,0,4,0,4,,,
7,2,Punjab Kings,Royal Challengers Bangalore,4,4,S Dhawan,JM Bairstow,V Kohli,0,0,0,0,0,0,1,0,1,,,
7,2,Punjab Kings,Royal Challengers Bangalore,4,5,JM Bairstow,SM Curran,F du Plessis,0,0,0,0,0,0,6,0,6,,,
7,2,Punjab Kings,Royal Challengers Bangalore,4,6,SM Curran,S Dhawan,RM Patidar,0,0,0,0,0,0,1,0,1,,,
7,2,Punjab Kings,Royal Challengers Bangalore,5,1,S Dhawan,JM Bairstow,V Kohli,0,0,0,0,0,0,2,0,2,,,
7,2,Punjab Kings,Royal Challengers Bangalore,5,2,JM Bairstow,SM Curran,F du Plessis,0,0,0,0,0,0,0,0,0,,,
7,2,Punjab Kings,Royal Challengers Bangalore,5,3,SM Curran,S Dhawan,RM Patidar,0,0,0,0,0,0,4,0,4,,,
7,2,Punjab Kings,Royal Challengers Bangalore,5,4,S Dhawan,JM Bairstow,V Kohli,0,0,0,0,0,0,1,0,1,,,
7,2,Punjab Kings,Royal Challengers Bangalore,5,5,JM Bairstow,SM Curran,F du Plessis,0,0,0,0,0,0,6,0,6,,,
7,2,Punjab Kings,Royal Challengers Bangalore,5,6,SM Curran,S Dhawan,RM Patidar,0,0,0,0,0,0,1,0,1,,,
7,2,Punjab Kings,Royal Challengers Bangalore,6,1,S Dhawan,JM Bairstow,V Kohli,0,0,0,0,0,0,2,0,2,,,
7,2,Punjab Kings,Royal Challengers Bangalore,6,2,JM Bairstow,SM Curran,F du Plessis,0,0,0,0,0,0,0,0,0,,,
7,2,Punjab Kings,Royal Challengers Bangalore,6,3,SM Curran,S Dhawan,RM Patidar,0,0,0,0,0,0,4,0,4,,,
7,2,Punjab Kings,Royal Challengers Bangalore,6,4,S Dhawan,JM Bairstow,V Kohli,0,0,0,0,0,0,1,0,1,,,
7,2,Punjab Kings,Royal Challengers Bangalore,6,5,JM Bairstow,SM Curran,F du Plessis,0,0,0,0,0,0,6,0,6,,,
7,2,Punjab Kings,Royal Challengers Bangalore,6,6,SM Curran,S Dhawan,RM Patidar,0,0,0,0,0,0,1,0,1,,,
7,2,Punjab Kings,Royal Challengers Bangalore,7,1,S Dhawan,JM Bairstow,V Kohli,0,0,0,0,0,0,2,0,2,,,
7,2,Punjab Kings,Royal Challengers Bangalore,7,2,JM Bairstow,SM Curran,F du Plessis,0,0,0,0,0,0,0,0,0,,,
7,2,Punjab Kings,Royal Challengers Bangalore,7,3,SM Curran,S Dhawan,RM Patidar,0,0,0,0,0,0,4,0,4,,,
7,2,Punjab Kings,Royal Challengers Bangalore,7,4,S Dhawan,JM Bairstow,V Kohli,0,0,0,0,0,0,1,0,1,,,
7,2,Punjab Kings,Royal Challengers Bangalore,7,5,JM Bairstow,SM Curran,F du Plessis,0,0,0,0,0,0,6,0,6,,,
7,2,Punjab Kings,Royal Challengers Bangalore,7,6,SM Curran,S Dhawan,RM Patidar,0,0,0,0,0,0,1,0,1,,,
7,2,Punjab Kings,Royal Challengers Bangalore,8,1,S Dhawan,JM Bairstow,V Kohli,0,0,0,0,0,0,2,0,2,,,
7,2,Punjab Kings,Royal Challengers Bangalore,8,2,JM Bairstow,SM Curran,F du Plessis,0,0,0,0,0,0,0,0,0,,,
7,2,Punjab Kings,Royal Challengers Bangalore,8,3,SM Curran,S Dhawan,RM Patidar,0,0,0,0,0,0,4,0,4,,,
7,2,Punjab Kings,Royal Challengers Bangalore,8,4,S Dhawan,JM Bairstow,V Kohli,0,0,0,0,0,0,1,0,1,,,
7,2,Punjab Kings,Royal Challengers Bangalore,8,5,JM Bairstow,SM Curran,F du Plessis,0,0,0,0,0,0,6,0,6,,,
7,2,Punjab Kings,Royal Challengers Bangalore,8,6,SM Curran,S Dhawan,RM Patidar,0,0,0,0,0,0,1,0,1,,,
7,2,Punjab Kings,Royal Challengers Bangalore,9,1,S Dhawan,JM Bairstow,V Kohli,0,0,0,0,0,0,2,0,2,,,
7,2,Punjab Kings,Royal Challengers Bangalore,9,2,JM Bairstow,SM Curran,F du Plessis,0,0,0,0,0,0,0,0,0,,,
7,2,Punjab Kings,Royal Challengers Bangalore,9,3,SM Curran,S Dhawan,RM Patidar,0,0,0,0,0,0,4,0,4,,,
7,2,Punjab Kings,Royal Challengers Bangalore,9,4,S Dhawan,JM Bairstow,V Kohli,0,0,0,0,0,0,1,0,1,,,
7,2,Punjab Kings,Royal Challengers Bangalore,9,5,JM Bairstow,SM Curran,F du Plessis,0,0,0,0,0,0,6,0,6,,,
7,2,Punjab Kings,Royal Challengers Bangalore,9,6,SM Curran,S Dhawan,RM Patidar,0,0,0,0,0,0,1,0,1,,,
7,2,Punjab Kings,Royal Challengers Bangalore,10,1,S Dhawan,JM Bairstow,V Kohli,0,0,0,0,0,0,2,0,2,,,
7,2,Punjab Kings,Royal Challengers Bangalore,10,2,JM Bairstow,SM Curran,F du Plessis,0,0,0,0,0,0,0,0,0,,,
7,2,Punjab Kings,Royal Challengers Bangalore,10,3,SM Curran,S Dhawan,RM Patidar,0,0,0,0,0,0,4,0,4,,,
7,2,Punjab Kings,Royal Challengers Bangalore,10,4,S Dhawan,JM Bairstow,V Kohli,0,0,0,0,0,0,1,0,1,,,
7,2,Punjab Kings,Royal Challengers Bangalore,10,5,JM Bairstow,SM Curran,F du Plessis,0,0,0,0,0,0,6,0,6,,,
7,2,Punjab Kings,Royal Challengers Bangalore,10,6,SM Curran,S Dhawan,RM Patidar,0,0,0,0,0,0,1,0,1,,,
7,2,Punjab Kings,Royal Challengers Bangalore,11,1,S Dhawan,JM Bairstow,V Kohli,0,0,0,0,0,0,2,0,2,,,
7,2,Punjab Kings,Royal Challengers Bangalore,11,2,JM Bairstow,SM Curran,F du Plessis,0,0,0,0,0,0,0,0,0,,,
7,2,Punjab Kings,Royal Challengers Bangalore,11,3,SM Curran,S Dhawan,RM Patidar,0,0,0,0,0,0,4,0,4,,,
7,2,Punjab Kings,Royal Challengers Bangalore,11,4,S Dhawan,JM Bairstow,V Kohli,0,0,0,0,0,0,1,0,1,,,
7,2,Punjab Kings,Royal Challengers Bangalore,11,5,JM Bairstow,SM Curran,F du Plessis,0,0,0,0,0,0,6,0,6,,,
7,2,Punjab Kings,Royal Challengers Bangalore,11,6,SM Curran,S Dhawan,RM Patidar,0,0,0,0,0,0,5,0,5,,,
8,1,Sunrisers Hyderabad,Mumbai Indians,0,1,Abhishek Sharma,H Klaasen,RG Sharma,0,0,0,0,0,0,2,0,2,,,
8,1,Sunrisers Hyderabad,Mumbai Indians,0,2,H Klaasen,TM Head,Ishan Kishan,0,0,0,0,0,0,0,0,0,,,
8,1,Sunrisers Hyderabad,Mumbai Indians,0,3,TM Head,Abhishek Sharma,Tilak Varma,0,0,0,0,0,0,4,0,4,,,
8,1,Sunrisers Hyderabad,Mumbai Indians,0,4,Abhishek Sharma,H Klaasen,RG Sharma,0,0,0,0,0,0,1,0,1,,,
8,1,Sunrisers Hyderabad,Mumbai Indians,0,5,H Klaasen,TM Head,Ishan Kishan,0,0,0,0,0,0,6,0,6,,,
8,1,Sunrisers Hyderabad,Mumbai Indians,0,6,TM Head,Abhishek Sharma,Tilak Varma,0,0,0,0,0,0,1,0,1,,,
8,1,Sunrisers Hyderabad,Mumbai Indians,1,1,Abhishek Sharma,H Klaasen,RG Sharma,0,0,0,0,0,0,2,0,2,,,
8,1,Sunrisers Hyderabad,Mumbai Indians,1,2,H Klaasen,TM Head,Ishan Kishan,0,0,0,0,0,0,0,0,0,,,
8,1,Sunrisers Hyderabad,Mumbai Indians,1,3,TM Head,Abhishek Sharma,Tilak Varma,0,0,0,0,0,0,4,0,4,,,
8,1,Sunrisers Hyderabad,Mumbai Indians,1,4,Abhishek Sharma,H Klaasen,RG Sharma,0,0,0,0,0,0,1,0,1,,,
8,1,Sunrisers Hyderabad,Mumbai Indians,1,5,H Klaasen,TM Head,Ishan Kishan,0,0,0,0,0,0,6,0,6,,,
8,1,Sunrisers Hyderabad,Mumbai Indians,1,6,TM Head,Abhishek Sharma,Tilak Varma,0,0,0,0,0,0,1,0,1,,,
8,1,Sunrisers Hyderabad,Mumbai Indians,2,1,Abhishek Sharma,H Klaasen,RG Sharma,0,0,0,0,0,0,2,0,2,,,
8,1,Sunrisers Hyderabad,Mumbai Indians,2,2,H Klaasen,TM Head,Ishan Kishan,0,0,0,0,0,0,0,0,0,,,
8,1,Sunrisers Hyderabad,Mumbai Indians,2,3,TM Head,Abhishek Sharma,Tilak Varma,0,0,0,0,0,0,4,0,4,,,
8,1,Sunrisers Hyderabad,Mumbai Indians,2,4,Abhishek Sharma,H Klaasen,RG Sharma,0,0,0,0,0,0,1,0,1,,,
8,1,Sunrisers Hyderabad,Mumbai Indians,2,5,H Klaasen,TM Head,Ishan Kishan,0,0,0,0,0,0,6,0,6,,,
8,1,Sunrisers Hyderabad,Mumbai Indians,2,6,TM Head,Abhishek Sharma,Tilak Varma,0,0,0,0,0,0,1,0,1,,,
8,1,Sunrisers Hyderabad,Mumbai Indians,3,1,Abhishek Sharma,H Klaasen,RG Sharma,0,0,0,0,0,0,2,0,2,,,
8,1,Sunrisers Hyderabad,Mumbai Indians,3,2,H Klaasen,TM Head,Ishan Kishan,0,0,0,0,0,0,0,0,0,,,
8,1,Sunrisers Hyderabad,Mumbai Indians,3,3,TM Head,Abhishek Sharma,Tilak Varma,0,0,0,0,0,0,4,0,4,,,
8,1,Sunrisers Hyderabad,Mumbai Indians,3,4,Abhishek Sharma,H Klaasen,RG Sharma,0,0,0,0,0,0,1,0,1,,,
8,1,Sunrisers Hyderabad,Mumbai Indians,3,5,H Klaasen,TM Head,Ishan Kishan,0,0,0,0,0,0,6,0,6,,,
8,1,Sunrisers Hyderabad,Mumbai Indians,3,6,TM Head,Abhishek Sharma,Tilak Varma,0,0,0,0,0,0,1,0,1,,,
8,1,Sunrisers Hyderabad,Mumbai Indians,4,1,Abhishek Sharma,H Klaasen,RG Sharma,0,0,0,0,0,0,2,0,2,,,
8,1,Sunrisers Hyderabad,Mumbai Indians,4,2,H Klaasen,TM Head,Ishan Kishan,0,0,0,0,0,0,0,0,0,,,
8,1,Sunrisers Hyderabad,Mumbai Indians,4,3,TM Head,Abhishek Sharma,Tilak Varma,0,0,0,0,0,0,4,0,4,,,
8,1,Sunrisers Hyderabad,Mumbai Indians,4,4,Abhishek Sharma,H Klaasen,RG Sharma,0,0,0,0,0,0,1,0,1,,,
8,1,Sunrisers Hyderabad,Mumbai Indians,4,5,H Klaasen,TM Head,Ishan Kishan,0,0,0,0,0,0,6,0,6,,,
8,1,Sunrisers Hyderabad,Mumbai Indians,4,6,TM Head,Abhishek Sharma,Tilak Varma,0,0,0,0,0,0,1,0,1,,,
8,1,Sunrisers Hyderabad,Mumbai Indians,5,1,Abhishek Sharma,H Klaasen,RG Sharma,0,0,0,0,0,0,2,0,2,,,
8,1,Sunrisers Hyderabad,Mumbai Indians,5,2,H Klaasen,TM Head,Ishan Kishan,0,0,0,0,0,0,0,0,0,TM Head,caught,
8,1,Sunrisers Hyderabad,Mumbai Indians,5,3,TM Head,Abhishek Sharma,Tilak Varma,0,0,0,0,0,0,4,0,4,,,
8,1,Sunrisers Hyderabad,Mumbai Indians,5,4,Abhishek Sharma,H Klaasen,RG Sharma,0,0,0,0,0,0,1,0,1,,,
8,1,Sunrisers Hyderabad,Mumbai Indians,5,5,H Klaasen,TM Head,Ishan Kishan,0,0,0,0,0,0,6,0,6,,,
8,1,Sunrisers Hyderabad,Mumbai Indians,5,6,TM Head,Abhishek Sharma,Tilak Varma,0,0,0,0,0,0,1,0,1,,,
8,1,Sunrisers Hyderabad,Mumbai Indians,6,1,Abhishek Sharma,H Klaasen,RG Sharma,0,0,0,0,0,0,2,0,2,,,
8,1,Sunrisers Hyderabad,Mumbai Indians,6,2,H Klaasen,TM Head,Ishan Kishan,0,0,0,0,0,0,0,0,0,,,
8,1,Sunrisers Hyderabad,Mumbai Indians,6,3,TM Head,Abhishek Sharma,Tilak Varma,0,0,0,0,0,0,4,0,4,,,
8,1,Sunrisers Hyderabad,Mumbai Indians,6,4,Abhishek Sharma,H Klaasen,RG Sharma,0,0,0,0,0,0,1,0,1,,,
8,1,Sunrisers Hyderabad,Mumbai Indians,6,5,H Klaasen,TM Head,Ishan Kishan,0,0,0,0,0,0,6,0,6,,,
8,1,Sunrisers Hyderabad,Mumbai Indians,6,6,TM Head,Abhishek Sharma,Tilak Varma,0,0,0,0,0,0,1,0,1,,,
8,1,Sunrisers Hyderabad,Mumbai Indians,7,1,Abhishek Sharma,H Klaasen,RG Sharma,0,0,0,0,0,0,2,0,2,,,
8,1,Sunrisers Hyderabad,Mumbai Indians,7,2,H Klaasen,TM Head,Ishan Kishan,0,0,0,0,0,0,0,0,0,,,
8,1,Sunrisers Hyderabad,Mumbai Indians,7,3,TM Head,Abhishek Sharma,Tilak Varma,0,0,0,0,0,0,4,0,4,,,
8,1,Sunrisers Hyderabad,Mumbai Indians,7,4,Abhishek Sharma,H Klaasen,RG Sharma,0,0,0,0,0,0,1,0,1,,,
8,1,Sunrisers Hyderabad,Mumbai Indians,7,5,H Klaasen,TM Head,Ishan Kishan,0,0,0,0,0,0,6,0,6,,,
8,1,Sunrisers Hyderabad,Mumbai Indians,7,6,TM Head,Abhishek Sharma,Tilak Varma,0,0,0,0,0,0,1,0,1,,,
8,1,Sunrisers Hyderabad,Mumbai Indians,8,1,Abhishek Sharma,H Klaasen,RG Sharma,0,0,0,0,0,0,2,0,2,,,
8,1,Sunrisers Hyderabad,Mumbai Indians,8,2,H Klaasen,TM Head,Ishan Kishan,0,0,0,0,0,0,0,0,0,,,
8,1,Sunrisers Hyderabad,Mumbai Indians,8,3,TM Head,Abhishek Sharma,Tilak Varma,0,0,0,0,0,0,4,0,4,,,
8,1,Sunrisers Hyderabad,Mumbai Indians,8,4,Abhishek Sharma,H Klaasen,RG Sharma,0,0,0,0,0,0,1,0,1,,,
8,1,Sunrisers Hyderabad,Mumbai Indians,8,5,H Klaasen,TM Head,Ishan Kishan,0,0,0,0,0,0,6,0,6,,,
8,1,Sunrisers Hyderabad,Mumbai Indians,8,6,TM Head,Abhishek Sharma,Tilak Varma,0,0,0,0,0,0,1,0,1,,,
8,1,Sunrisers Hyderabad,Mumbai Indians,9,1,Abhishek Sharma,H Klaasen,RG Sharma,0,0,0,0,0,0,2,0,2,,,
8,1,Sunrisers Hyderabad,Mumbai Indians,9,2,H Klaasen,TM Head,Ishan Kishan,0,0,0,0,0,0,0,0,0,,,
8,1,Sunrisers Hyderabad,Mumbai Indians,9,3,TM Head,Abhishek Sharma,Tilak Varma,0,0,0,0,0,0,4,0,4,,,
8,1,Sunrisers Hyderabad,Mumbai Indians,9,4,Abhishek Sharma,H Klaasen,RG Sharma,0,0,0,0,0,0,1,0,1,,,
8,1,Sunrisers Hyderabad,Mumbai Indians,9,5,H Klaasen,TM Head,Ishan Kishan,0,0,0,0,0,0,6,0,6,,,
8,1,Sunrisers Hyderabad,Mumbai Indians,9,6,TM Head,Abhishek Sharma,Tilak Varma,0,0,0,0,0,0,1,0,1,,,
8,1,Sunrisers Hyderabad,Mumbai Indians,10,1,Abhishek Sharma,H Klaasen,RG Sharma,0,0,0,0,0,0,2,0,2,,,
8,1,Sunrisers Hyderabad,Mumbai Indians,10,2,H Klaasen,TM Head,Ishan Kishan,0,0,0,0,0,0,0,0,0,,,
8,1,Sunrisers Hyderabad,Mumbai Indians,10,3,TM Head,Abhishek Sharma,Tilak Varma,0,0,0,0,0,0,4,0,4,,,
8,1,Sunrisers Hyderabad,Mumbai Indians,10,4,Abhishek Sharma,H Klaasen,RG Sharma,0,0,0,0,0,0,1,0,1,,,
8,1,Sunrisers Hyderabad,Mumbai Indians,10,5,H Klaasen,TM Head,Ishan Kishan,0,0,0,0,0,0,6,0,6,,,
8,1,Sunrisers Hyderabad,Mumbai Indians,10,6,TM Head,Abhishek Sharma,Tilak Varma,0,0,0,0,0,0,1,0,1,,,
8,1,Sunrisers Hyderabad,Mumbai Indians,11,1,Abhishek Sharma,H Klaasen,RG Sharma,0,0,0,0,0,0,2,0,2,,,
8,1,Sunrisers Hyderabad,Mumbai Indians,11,2,H Klaasen,TM Head,Ishan Kishan,0,0,0,0,0,0,0,0,0,,,
8,1,Sunrisers Hyderabad,Mumbai Indians,11,3,TM Head,Abhishek Sharma,Tilak Varma,0,0,0,0,0,0,4,0,4,,,
8,1,Sunrisers Hyderabad,Mumbai Indians,11,4,Abhishek Sharma,H Klaasen,RG Sharma,0,0,0,0,0,0,1,0,1,,,
8,1,Sunrisers Hyderabad,Mumbai Indians,11,5,H Klaasen,TM Head,Ishan Kishan,0,0,0,0,0,0,6,0,6,,,
8,1,Sunrisers Hyderabad,Mumbai Indians,11,6,TM Head,Abhishek Sharma,Tilak Varma,0,0,0,0,0,0,1,0,1,,,
8,1,Sunrisers Hyderabad,Mumbai Indians,12,1,Abhishek Sharma,H Klaasen,RG Sharma,0,0,0,0,0,0,2,0,2,,,
8,1,Sunrisers Hyderabad,Mumbai Indians,12,2,H Klaasen,TM Head,Ishan Kishan,0,0,0,0,0,0,0,0,0,,,
8,1,Sunrisers Hyderabad,Mumbai Indians,12,3,TM Head,Abhishek Sharma,Tilak Varma,0,0,0,0,0,0,4,0,4,,,
8,1,Sunrisers Hyderabad,Mumbai Indians,12,4,Abhishek Sharma,H Klaasen,RG Sharma,0,0,0,0,0,0,1,0,1,,,
8,1,Sunrisers Hyderabad,Mumbai Indians,12,5,H Klaasen,TM Head,Ishan Kishan,0,0,0,0,0,0,6,0,6,,,
8,1,Sunrisers Hyderabad,Mumbai Indians,12,6,TM Head,Abhishek Sharma,Tilak Varma,0,0,0,0,0,0,1,0,1,,,
8,1,Sunrisers Hyderabad,Mumbai Indians,13,1,Abhishek Sharma,H Klaasen,RG Sharma,0,0,0,0,0,0,2,0,2,,,
8,1,Sunrisers Hyderabad,Mumbai Indians,13,2,H Klaasen,TM Head,Ishan Kishan,0,0,0,0,0,0,0,0,0,,,
8,1,Sunrisers Hyderabad,Mumbai Indians,13,3,TM Head,Abhishek Sharma,Tilak Varma,0,0,0,0,0,0,4,0,4,,,
8,1,Sunrisers Hyderabad,Mumbai Indians,13,4,Abhishek Sharma,H Klaasen,RG Sharma,0,0,0,0,0,0,1,0,1,,,
8,1,Sunrisers Hyderabad,Mumbai Indians,13,5,H Klaasen,TM Head,Ishan Kishan,0,0,0,0,0,0,6,0,6,,,
8,1,Sunrisers Hyderabad,Mumbai Indians,13,6,TM Head,Abhishek Sharma,Tilak Varma,0,0,0,0,0,0,1,0,1,,,
8,1,Sunrisers Hyderabad,Mumbai Indians,14,1,Abhishek Sharma,H Klaasen,RG Sharma,0,0,0,0,0,0,2,0,2,,,
8,1,Sunrisers Hyderabad,Mumbai Indians,14,2,H Klaasen,TM Head,Ishan Kishan,0,0,0,0,0,0,0,0,0,,,
8,1,Sunrisers Hyderabad,Mumbai Indians,14,3,TM Head,Abhishek Sharma,Tilak Varma,0,0,0,0,0,0,4,0,4,,,
8,1,Sunrisers Hyderabad,Mumbai Indians,14,4,Abhishek Sharma,H Klaasen,RG Sharma,0,0,0,0,0,0,1,0,1,,,
8,1,Sunrisers Hyderabad,Mumbai Indians,14,5,H Klaasen,TM Head,Ishan Kishan,0,0,0,0,0,0,6,0,6,,,
8,1,Sunrisers Hyderabad,Mumbai Indians,14,6,TM Head,Abhishek Sharma,Tilak Varma,0,0,0,0,0,0,1,0,1,,,
8,1,Sunrisers Hyderabad,Mumbai Indians,15,1,Abhishek Sharma,H Klaasen,RG Sharma,0,0,0,0,0,0,2,0,2,,,
8,1,Sunrisers Hyderabad,Mumbai Indians,15,2,H Klaasen,TM Head,Ishan Kishan,0,0,0,0,0,0,0,0,0,,,
8,1,Sunrisers Hyderabad,Mumbai Indians,15,3,TM Head,Abhishek Sharma,Tilak Varma,0,0,0,0,0,0,4,0,4,,,
8,1,Sunrisers Hyderabad,Mumbai Indians,15,4,Abhishek Sharma,H Klaasen,RG Sharma,0,0,0,0,0,0,1,0,1,,,
8,1,Sunrisers Hyderabad,Mumbai Indians,15,5,H Klaasen,TM Head,Ishan Kishan,0,0,0,0,0,0,6,0,6,,,
8,1,Sunrisers Hyderabad,Mumbai Indians,15,6,TM Head,Abhishek Sharma,Tilak Varma,0,0,0,0,0,0,1,0,1,,,
8,1,Sunrisers Hyderabad,Mumbai Indians,16,1,Abhishek Sharma,H Klaasen,RG Sharma,0,0,0,0,0,0,2,0,2,,,
8,1,Sunrisers Hyderabad,Mumbai Indians,16,2,H Klaasen,TM Head,Ishan Kishan,0,0,0,0,0,0,0,0,0,,,
8,1,Sunrisers Hyderabad,Mumbai Indians,16,3,TM Head,Abhishek Sharma,Tilak Varma,0,0,0,0,0,0,4,0,4,,,
8,1,Sunrisers Hyderabad,Mumbai Indians,16,4,Abhishek Sharma,H Klaasen,RG Sharma,0,0,0,0,0,0,1,0,1,,,
8,1,Sunrisers Hyderabad,Mumbai Indians,16,5,H Klaasen,TM Head,Ishan Kishan,0,0,0,0,0,0,6,0,6,,,
8,1,Sunrisers Hyderabad,Mumbai Indians,16,6,TM Head,Abhishek Sharma,Tilak Varma,0,0,0,0,0,0,1,0,1,,,
8,1,Sunrisers Hyderabad,Mumbai Indians,17,1,Abhishek Sharma,H Klaasen,RG Sharma,0,0,0,0,0,0,2,0,2,,,
8,1,Sunrisers Hyderabad,Mumbai Indians,17,2,H Klaasen,TM Head,Ishan Kishan,0,0,0,0,0,0,0,0,0,,,
8,1,Sunrisers Hyderabad,Mumbai Indians,17,3,TM Head,Abhishek Sharma,Tilak Varma,0,0,0,0,0,0,4,0,4,,,
8,1,Sunrisers Hyderabad,Mumbai Indians,17,4,Abhishek Sharma,H Klaasen,RG Sharma,0,0,0,0,0,0,1,0,1,,,
8,1,Sunrisers Hyderabad,Mumbai Indians,17,5,H Klaasen,TM Head,Ishan Kishan,0,0,0,0,0,0,6,0,6,,,
8,1,Sunrisers Hyderabad,Mumbai Indians,17,6,TM Head,Abhishek Sharma,Tilak Varma,0,0,0,0,0,0,1,0,1,,,
8,1,Sunrisers Hyderabad,Mumbai Indians,18,1,Abhishek Sharma,H Klaasen,RG Sharma,0,0,0,0,0,0,2,0,2,,,
8,1,Sunrisers Hyderabad,Mumbai Indians,18,2,H Klaasen,TM Head,Ishan Kishan,0,0,0,0,0,0,0,0,0,,,
8,1,Sunrisers Hyderabad,Mumbai Indians,18,3,TM Head,Abhishek Sharma,Tilak Varma,0,0,0,0,0,0,4,0,4,,,
8,1,Sunrisers Hyderabad,Mumbai Indians,18,4,Abhishek Sharma,H Klaasen,RG Sharma,0,0,0,0,0,0,1,0,1,,,
8,1,Sunrisers Hyderabad,Mumbai Indians,18,5,H Klaasen,TM Head,Ishan Kishan,0,0,0,0,0,0,6,0,6,,,
8,1,Sunrisers Hyderabad,Mumbai Indians,18,6,TM Head,Abhishek Sharma,Tilak Varma,0,0,0,0,0,0,1,0,1,,,
8,1,Sunrisers Hyderabad,Mumbai Indians,19,1,Abhishek Sharma,H Klaasen,RG Sharma,0,0,0,0,0,0,2,0,2,,,
8,1,Sunrisers Hyderabad,Mumbai Indians,19,2,H Klaasen,TM Head,Ishan Kishan,0,0,0,0,0,0,0,0,0,,,
8,1,Sunrisers Hyderabad,Mumbai Indians,19,3,TM Head,Abhishek Sharma,Tilak Varma,0,0,0,0,0,0,4,0,4,,,
8,1,Sunrisers Hyderabad,Mumbai Indians,19,4,Abhishek Sharma,H Klaasen,RG Sharma,0,0,0,0,0,0,5,0,5,,,
8,2,Mumbai Indians,Sunrisers Hyderabad,0,1,Tilak Varma,RG Sharma,Abhishek Sharma,0,0,0,0,0,0,6,0,6,,,
8,2,Mumbai Indians,Sunrisers Hyderabad,0,2,RG Sharma,Ishan Kishan,H Klaasen,0,0,0,0,0,0,1,0,1,,,
8,2,Mumbai Indians,Sunrisers Hyderabad,0,3,Ishan Kishan,Tilak Varma,TM Head,0,0,0,0,0,0,2,0,2,,,
8,2,Mumbai Indians,Sunrisers Hyderabad,0,4,Tilak Varma,RG Sharma,Abhishek Sharma,0,0,0,0,0,0,0,0,0,,,
8,2,Mumbai Indians,Sunrisers Hyderabad,0,5,RG Sharma,Ishan Kishan,H Klaasen,0,0,0,0,0,0,4,0,4,,,
8,2,Mumbai Indians,Sunrisers Hyderabad,0,6,Ishan Kishan,Tilak Varma,TM Head,0,0,0,0,0,0,1,0,1,,,
8,2,Mumbai Indians,Sunrisers Hyderabad,1,1,Tilak Varma,RG Sharma,Abhishek Sharma,0,0,0,0,0,0,6,0,6,,,
8,2,Mumbai Indians,Sunrisers Hyderabad,1,2,RG Sharma,Ishan Kishan,H Klaasen,0,0,0,0,0,0,1,0,1,,,
8,2,Mumbai Indians,Sunrisers Hyderabad,1,3,Ishan Kishan,Tilak Varma,TM Head,0,0,0,0,0,0,2,0,2,,,
8,2,Mumbai Indians,Sunrisers Hyderabad,1,4,Tilak Varma,RG Sharma,Abhishek Sharma,0,0,0,0,0,0,0,0,0,,,
8,2,Mumbai Indians,Sunrisers Hyderabad,1,5,RG Sharma,Ishan Kishan,H Klaasen,0,0,0,0,0,0,4,0,4,,,
8,2,Mumbai Indians,Sunrisers Hyderabad,1,6,Ishan Kishan,Tilak Varma,TM Head,0,0,0,0,0,0,1,0,1,,,
8,2,Mumbai Indians,Sunrisers Hyderabad,2,1,Tilak Varma,RG Sharma,Abhishek Sharma,0,0,0,0,0,0,6,0,6,,,
8,2,Mumbai Indians,Sunrisers Hyderabad,2,2,RG Sharma,Ishan Kishan,H Klaasen,0,0,0,0,0,0,1,0,1,,,
8,2,Mumbai Indians,Sunrisers Hyderabad,2,3,Ishan Kishan,Tilak Varma,TM Head,0,0,0,0,0,0,2,0,2,,,
8,2,Mumbai Indians,Sunrisers Hyderabad,2,4,Tilak Varma,RG Sharma,Abhishek Sharma,0,0,0,0,0,0,0,0,0,,,
8,2,Mumbai Indians,Sunrisers Hyderabad,2,5,RG Sharma,Ishan Kishan,H Klaasen,0,0,0,0,0,0,4,0,4,,,
8,2,Mumbai Indians,Sunrisers Hyderabad,2,6,Ishan Kishan,Tilak Varma,TM Head,0,0,0,0,0,0,1,0,1,,,
8,2,Mumbai Indians,Sunrisers Hyderabad,3,1,Tilak Varma,RG Sharma,Abhishek Sharma,0,0,0,0,0,0,6,0,6,,,
8,2,Mumbai Indians,Sunrisers Hyderabad,3,2,RG Sharma,Ishan Kishan,H Klaasen,0,0,0,0,0,0,1,0,1,,,
8,2,Mumbai Indians,Sunrisers Hyderabad,3,3,Ishan Kishan,Tilak Varma,TM Head,0,0,0,0,0,0,2,0,2,,,
8,2,Mumbai Indians,Sunrisers Hyderabad,3,4,Tilak Varma,RG Sharma,Abhishek Sharma,0,0,0,0,0,0,0,0,0,,,
8,2,Mumbai Indians,Sunrisers Hyderabad,3,5,RG Sharma,Ishan Kishan,H Klaasen,0,0,0,0,0,0,4,0,4,,,
8,2,Mumbai Indians,Sunrisers Hyderabad,3,6,Ishan Kishan,Tilak Varma,TM Head,0,0,0,0,0,0,1,0,1,,,
8,2,Mumbai Indians,Sunrisers Hyderabad,4,1,Tilak Varma,RG Sharma,Abhishek Sharma,0,0,0,0,0,0,6,0,6,,,
8,2,Mumbai Indians,Sunrisers Hyderabad,4,2,RG Sharma,Ishan Kishan,H Klaasen,0,0,0,0,0,0,1,0,1,,,
8,2,Mumbai Indians,Sunrisers Hyderabad,4,3,Ishan Kishan,Tilak Varma,TM Head,0,0,0,0,0,0,2,0,2,,,
8,2,Mumbai Indians,Sunrisers Hyderabad,4,4,Tilak Varma,RG Sharma,Abhishek Sharma,0,0,0,0,0,0,0,0,0,RG Sharma,caught,
8,2,Mumbai Indians,Sunrisers Hyderabad,4,5,RG Sharma,Ishan Kishan,H Klaasen,0,0,0,0,0,0,4,0,4,,,
8,2,Mumbai Indians,Sunrisers Hyderabad,4,6,Ishan Kishan,Tilak Varma,TM Head,0,0,0,0,0,0,1,0,1,,,
8,2,Mumbai Indians,Sunrisers Hyderabad,5,1,Tilak Varma,RG Sharma,Abhishek Sharma,0,0,0,0,0,0,6,0,6,,,
8,2,Mumbai Indians,Sunrisers Hyderabad,5,2,RG Sharma,Ishan Kishan,H Klaasen,0,0,0,0,0,0,1,0,1,,,
8,2,Mumbai Indians,Sunrisers Hyderabad,5,3,Ishan Kishan,Tilak Varma,TM Head,0,0,0,0,0,0,2,0,2,,,
8,2,Mumbai Indians,Sunrisers Hyderabad,5,4,Tilak Varma,RG Sharma,Abhishek Sharma,0,0,0,0,0,0,0,0,0,,,
8,2,Mumbai Indians,Sunrisers Hyderabad,5,5,RG Sharma,Ishan Kishan,H Klaasen,0,0,0,0,0,0,4,0,4,,,
8,2,Mumbai Indians,Sunrisers Hyderabad,5,6,Ishan Kishan,Tilak Varma,TM Head,0,0,0,0,0,0,1,0,1,,,
8,2,Mumbai Indians,Sunrisers Hyderabad,6,1,Tilak Varma,RG Sharma,Abhishek Sharma,0,0,0,0,0,0,6,0,6,,,
8,2,Mumbai Indians,Sunrisers Hyderabad,6,2,RG Sharma,Ishan Kishan,H Klaasen,0,0,0,0,0,0,1,0,1,,,
8,2,Mumbai Indians,Sunrisers Hyderabad,6,3,Ishan Kishan,Tilak Varma,TM Head,0,0,0,0,0,0,2,0,2,,,
8,2,Mumbai Indians,Sunrisers Hyderabad,6,4,Tilak Varma,RG Sharma,Abhishek Sharma,0,0,0,0,0,0,0,0,0,,,
8,2,Mumbai Indians,Sunrisers Hyderabad,6,5,RG Sharma,Ishan Kishan,H Klaasen,0,0,0,0,0,0,4,0,4,,,
8,2,Mumbai Indians,Sunrisers Hyderabad,6,6,Ishan Kishan,Tilak Varma,TM Head,0,0,0,0,0,0,1,0,1,,,
8,2,Mumbai Indians,Sunrisers Hyderabad,7,1,Tilak Varma,RG Sharma,Abhishek Sharma,0,0,0,0,0,0,6,0,6,,,
8,2,Mumbai Indians,Sunrisers Hyderabad,7,2,RG Sharma,Ishan Kishan,H Klaasen,0,0,0,0,0,0,1,0,1,,,
8,2,Mumbai Indians,Sunrisers Hyderabad,7,3,Ishan Kishan,Tilak Varma,TM Head,0,0,0,0,0,0,2,0,2,,,
8,2,Mumbai Indians,Sunrisers Hyderabad,7,4,Tilak Varma,RG Sharma,Abhishek Sharma,0,0,0,0,0,0,0,0,0,,,
8,2,Mumbai Indians,Sunrisers Hyderabad,7,5,RG Sharma,Ishan Kishan,H Klaasen,0,0,0,0,0,0,4,0,4,,,
8,2,Mumbai Indians,Sunrisers Hyderabad,7,6,Ishan Kishan,Tilak Varma,TM Head,0,0,0,0,0,0,1,0,1,,,
8,2,Mumbai Indians,Sunrisers Hyderabad,8,1,Tilak Varma,RG Sharma,Abhishek Sharma,0,0,0,0,0,0,6,0,6,,,
8,2,Mumbai Indians,Sunrisers Hyderabad,8,2,RG Sharma,Ishan Kishan,H Klaasen,0,0,0,0,0,0,1,0,1,,,
8,2,Mumbai Indians,Sunrisers Hyderabad,8,3,Ishan Kishan,Tilak Varma,TM Head,0,0,0,0,0,0,2,0,2,,,
8,2,Mumbai Indians,Sunrisers Hyderabad,8,4,Tilak Varma,RG Sharma,Abhishek Sharma,0,0,0,0,0,0,0,0,0,,,
8,2,Mumbai Indians,Sunrisers Hyderabad,8,5,RG Sharma,Ishan Kishan,H Klaasen,0,0,0,0,0,0,4,0,4,,,
8,2,Mumbai Indians,Sunrisers Hyderabad,8,6,Ishan Kishan,Tilak Varma,TM Head,0,0,0,0,0,0,1,0,1,,,
8,2,Mumbai Indians,Sunrisers Hyderabad,9,1,Tilak Varma,RG Sharma,Abhishek Sharma,0,0,0,0,0,0,6,0,6,,,
8,2,Mumbai Indians,Sunrisers Hyderabad,9,2,RG Sharma,Ishan Kishan,H Klaasen,0,0,0,0,0,0,1,0,1,,,
8,2,Mumbai Indians,Sunrisers Hyderabad,9,3,Ishan Kishan,Tilak Varma,TM Head,0,0,0,0,0,0,2,0,2,,,
8,2,Mumbai Indians,Sunrisers Hyderabad,9,4,Tilak Varma,RG Sharma,Abhishek Sharma,0,0,0,0,0,0,0,0,0,,,
8,2,Mumbai Indians,Sunrisers Hyderabad,9,5,RG Sharma,Ishan Kishan,H Klaasen,0,0,0,0,0,0,4,0,4,,,
8,2,Mumbai Indians,Sunrisers Hyderabad,9,6,Ishan Kishan,Tilak Varma,TM Head,0,0,0,0,0,0,1,0,1,,,
8,2,Mumbai Indians,Sunrisers Hyderabad,10,1,Tilak Varma,RG Sharma,Abhishek Sharma,0,0,0,0,0,0,6,0,6,,,
8,2,Mumbai Indians,Sunrisers Hyderabad,10,2,RG Sharma,Ishan Kishan,H Klaasen,0,0,0,0,0,0,1,0,1,,,
8,2,Mumbai Indians,Sunrisers Hyderabad,10,3,Ishan Kishan,Tilak Varma,TM Head,0,0,0,0,0,0,2,0,2,,,
8,2,Mumbai Indians,Sunrisers Hyderabad,10,4,Tilak Varma,RG Sharma,Abhishek Sharma,0,0,0,0,0,0,0,0,0,,,
8,2,Mumbai Indians,Sunrisers Hyderabad,10,5,RG Sharma,Ishan Kishan,H Klaasen,0,0,0,0,0,0,4,0,4,,,
8,2,Mumbai Indians,Sunrisers Hyderabad,10,6,Ishan Kishan,Tilak Varma,TM Head,0,0,0,0,0,0,1,0,1,,,
8,2,Mumbai Indians,Sunrisers Hyderabad,11,1,Tilak Varma,RG Sharma,Abhishek Sharma,0,0,0,0,0,0,6,0,6,,,
8,2,Mumbai Indians,Sunrisers Hyderabad,11,2,RG Sharma,Ishan Kishan,H Klaasen,0,0,0,0,0,0,1,0,1,,,
8,2,Mumbai Indians,Sunrisers Hyderabad,11,3,Ishan Kishan,Tilak Varma,TM Head,0,0,0,0,0,0,2,0,2,,,
8,2,Mumbai Indians,Sunrisers Hyderabad,11,4,Tilak Varma,RG Sharma,Abhishek Sharma,0,0,0,0,0,0,0,0,0,,,
8,2,Mumbai Indians,Sunrisers Hyderabad,11,5,RG Sharma,Ishan Kishan,H Klaasen,0,0,0,0,0,0,4,0,4,,,
8,2,Mumbai Indians,Sunrisers Hyderabad,11,6,Ishan Kishan,Tilak Varma,TM Head,0,0,0,0,0,0,1,0,1,,,
8,2,Mumbai Indians,Sunrisers Hyderabad,12,1,Tilak Varma,RG Sharma,Abhishek Sharma,0,0,0,0,0,0,6,0,6,,,
8,2,Mumbai Indians,Sunrisers Hyderabad,12,2,RG Sharma,Ishan Kishan,H Klaasen,0,0,0,0,0,0,1,0,1,,,
8,2,Mumbai Indians,Sunrisers Hyderabad,12,3,Ishan Kishan,Tilak Varma,TM Head,0,0,0,0,0,0,2,0,2,,,
8,2,Mumbai Indians,Sunrisers Hyderabad,12,4,Tilak Varma,RG Sharma,Abhishek Sharma,0,0,0,0,0,0,0,0,0,,,
8,2,Mumbai Indians,Sunrisers Hyderabad,12,5,RG Sharma,Ishan Kishan,H Klaasen,0,0,0,0,0,0,4,0,4,,,
8,2,Mumbai Indians,Sunrisers Hyderabad,12,6,Ishan Kishan,Tilak Varma,TM Head,0,0,0,0,0,0,1,0,1,,,
8,2,Mumbai Indians,Sunrisers Hyderabad,13,1,Tilak Varma,RG Sharma,Abhishek Sharma,0,0,0,0,0,0,6,0,6,,,
8,2,Mumbai Indians,Sunrisers Hyderabad,13,2,RG Sharma,Ishan Kishan,H Klaasen,0,0,0,0,0,0,1,0,1,,,
8,2,Mumbai Indians,Sunrisers Hyderabad,13,3,Ishan Kishan,Tilak Varma,TM Head,0,0,0,0,0,0,2,0,2,,,
8,2,Mumbai Indians,Sunrisers Hyderabad,13,4,Tilak Varma,RG Sharma,Abhishek Sharma,0,0,0,0,0,0,0,0,0,,,
8,2,Mumbai Indians,Sunrisers Hyderabad,13,5,RG Sharma,Ishan Kishan,H Klaasen,0,0,0,0,0,0,4,0,4,,,
8,2,Mumbai Indians,Sunrisers Hyderabad,13,6,Ishan Kishan,Tilak Varma,TM Head,0,0,0,0,0,0,1,0,1,,,
8,2,Mumbai Indians,Sunrisers Hyderabad,14,1,Tilak Varma,RG Sharma,Abhishek Sharma,0,0,0,0,0,0,6,0,6,,,
8,2,Mumbai Indians,Sunrisers Hyderabad,14,2,RG Sharma,Ishan Kishan,H Klaasen,0,0,0,0,0,0,1,0,1,,,
8,2,Mumbai Indians,Sunrisers Hyderabad,14,3,Ishan Kishan,Tilak Varma,TM Head,0,0,0,0,0,0,2,0,2,,,
8,2,Mumbai Indians,Sunrisers Hyderabad,14,4,Tilak Varma,RG Sharma,Abhishek Sharma,0,0,0,0,0,0,0,0,0,,,
8,2,Mumbai Indians,Sunrisers Hyderabad,14,5,RG Sharma,Ishan Kishan,H Klaasen,0,0,0,0,0,0,4,0,4,,,
8,2,Mumbai Indians,Sunrisers Hyderabad,14,6,Ishan Kishan,Tilak Varma,TM Head,0,0,0,0,0,0,1,0,1,,,
8,2,Mumbai Indians,Sunrisers Hyderabad,15,1,Tilak Varma,RG Sharma,Abhishek Sharma,0,0,0,0,0,0,6,0,6,,,
8,2,Mumbai Indians,Sunrisers Hyderabad,15,2,RG Sharma,Ishan Kishan,H Klaasen,0,0,0,0,0,0,1,0,1,,,
8,2,Mumbai Indians,Sunrisers Hyderabad,15,3,Ishan Kishan,Tilak Varma,TM Head,0,0,0,0,0,0,2,0,2,,,
8,2,Mumbai Indians,Sunrisers Hyderabad,15,4,Tilak Varma,RG Sharma,Abhishek Sharma,0,0,0,0,0,0,0,0,0,,,
8,2,Mumbai Indians,Sunrisers Hyderabad,15,5,RG Sharma,Ishan Kishan,H Klaasen,0,0,0,0,0,0,4,0,4,,,
8,2,Mumbai Indians,Sunrisers Hyderabad,15,6,Ishan Kishan,Tilak Varma,TM Head,0,0,0,0,0,0,1,0,1,,,
8,2,Mumbai Indians,Sunrisers Hyderabad,16,1,Tilak Varma,RG Sharma,Abhishek Sharma,0,0,0,0,0,0,6,0,6,,,
8,2,Mumbai Indians,Sunrisers Hyderabad,16,2,RG Sharma,Ishan Kishan,H Klaasen,0,0,0,0,0,0,1,0,1,,,
8,2,Mumbai Indians,Sunrisers Hyderabad,16,3,Ishan Kishan,Tilak Varma,TM Head,0,0,0,0,0,0,2,0,2,,,
8,2,Mumbai Indians,Sunrisers Hyderabad,16,4,Tilak Varma,RG Sharma,Abhishek Sharma,0,0,0,0,0,0,0,0,0,,,
8,2,Mumbai Indians,Sunrisers Hyderabad,16,5,RG Sharma,Ishan Kishan,H Klaasen,0,0,0,0,0,0,4,0,4,,,
8,2,Mumbai Indians,Sunrisers Hyderabad,16,6,Ishan Kishan,Tilak Varma,TM Head,0,0,0,0,0,0,1,0,1,,,
8,2,Mumbai Indians,Sunrisers Hyderabad,17,1,Tilak Varma,RG Sharma,Abhishek Sharma,0,0,0,0,0,0,6,0,6,,,
8,2,Mumbai Indians,Sunrisers Hyderabad,17,2,RG Sharma,Ishan Kishan,H Klaasen,0,0,0,0,0,0,2,0,2,,,
9,1,Rajasthan Royals,Delhi Capitals,0,1,YBK Jaiswal,R Parag,DA Warner,0,0,0,0,0,0,2,0,2,,,
9,1,Rajasthan Royals,Delhi Capitals,0,2,R Parag,SV Samson,PP Shaw,0,0,0,0,0,0,0,0,0,,,
9,1,Rajasthan Royals,Delhi Capitals,0,3,SV Samson,YBK Jaiswal,RR Pant,0,0,0,0,0,0,4,0,4,,,
9,1,Rajasthan Royals,Delhi Capitals,0,4,YBK Jaiswal,R Parag,DA Warner,0,0,0,0,0,0,1,0,1,,,
9,1,Rajasthan Royals,Delhi Capitals,0,5,R Parag,SV Samson,PP Shaw,0,0,0,0,0,0,6,0,6,,,
9,1,Rajasthan Royals,Delhi Capitals,0,6,SV Samson,YBK Jaiswal,RR Pant,0,0,0,0,0,0,1,0,1,,,
9,1,Rajasthan Royals,Delhi Capitals,1,1,YBK Jaiswal,R Parag,DA Warner,0,0,0,0,0,0,2,0,2,,,
9,1,Rajasthan Royals,Delhi Capitals,1,2,R Parag,SV Samson,PP Shaw,0,0,0,0,0,0,0,0,0,,,
9,1,Rajasthan Royals,Delhi Capitals,1,3,SV Samson,YBK Jaiswal,RR Pant,0,0,0,0,0,0,4,0,4,,,
9,1,Rajasthan Royals,Delhi Capitals,1,4,YBK Jaiswal,R Parag,DA Warner,0,0,0,0,0,0,1,0,1,,,
9,1,Rajasthan Royals,Delhi Capitals,1,5,R Parag,SV Samson,PP Shaw,0,0,0,0,0,0,6,0,6,,,
9,1,Rajasthan Royals,Delhi Capitals,1,6,SV Samson,YBK Jaiswal,RR Pant,0,0,0,0,0,0,1,0,1,,,
9,1,Rajasthan Royals,Delhi Capitals,2,1,YBK Jaiswal,R Parag,DA Warner,0,0,0,0,0,0,2,0,2,,,
9,1,Rajasthan Royals,Delhi Capitals,2,2,R Parag,SV Samson,PP Shaw,0,0,0,0,0,0,0,0,0,,,
9,1,Rajasthan Royals,Delhi Capitals,2,3,SV Samson,YBK Jaiswal,RR Pant,0,0,0,0,0,0,4,0,4,,,
9,1,Rajasthan Royals,Delhi Capitals,2,4,YBK Jaiswal,R Parag,DA Warner,0,0,0,0,0,0,1,0,1,,,
9,1,Rajasthan Royals,Delhi Capitals,2,5,R Parag,SV Samson,PP Shaw,0,0,0,0,0,0,6,0,6,,,
9,1,Rajasthan Royals,Delhi Capitals,2,6,SV Samson,YBK Jaiswal,RR Pant,0,0,0,0,0,0,1,0,1,,,
9,1,Rajasthan Royals,Delhi Capitals,3,1,YBK Jaiswal,R Parag,DA Warner,0,0,0,0,0,0,2,0,2,,,
9,1,Rajasthan Royals,Delhi Capitals,3,2,R Parag,SV Samson,PP Shaw,0,0,0,0,0,0,0,0,0,,,
9,1,Rajasthan Royals,Delhi Capitals,3,3,SV Samson,YBK Jaiswal,RR Pant,0,0,0,0,0,0,4,0,4,,,
9,1,Rajasthan Royals,Delhi Capitals,3,4,YBK Jaiswal,R Parag,DA Warner,0,0,0,0,0,0,1,0,1,,,
9,1,Rajasthan Royals,Delhi Capitals,3,5,R Parag,SV Samson,PP Shaw,0,0,0,0,0,0,6,0,6,,,
9,1,Rajasthan Royals,Delhi Capitals,3,6,SV Samson,YBK Jaiswal,RR Pant,0,0,0,0,0,0,1,0,1,,,
9,1,Rajasthan Royals,Delhi Capitals,4,1,YBK Jaiswal,R Parag,DA Warner,0,0,0,0,0,0,2,0,2,,,
9,1,Rajasthan Royals,Delhi Capitals,4,2,R Parag,SV Samson,PP Shaw,0,0,0,0,0,0,0,0,0,,,
9,1,Rajasthan Royals,Delhi Capitals,4,3,SV Samson,YBK Jaiswal,RR Pant,0,0,0,0,0,0,4,0,4,,,
9,1,Rajasthan Royals,Delhi Capitals,4,4,YBK Jaiswal,R Parag,DA Warner,0,0,0,0,0,0,1,0,1,,,
9,1,Rajasthan Royals,Delhi Capitals,4,5,R Parag,SV Samson,PP Shaw,0,0,0,0,0,0,6,0,6,,,
9,1,Rajasthan Royals,Delhi Capitals,4,6,SV Samson,YBK Jaiswal,RR Pant,0,0,0,0,0,0,1,0,1,,,
9,1,Rajasthan Royals,Delhi Capitals,5,1,YBK Jaiswal,R Parag,DA Warner,0,0,0,0,0,0,2,0,2,,,
9,1,Rajasthan Royals,Delhi Capitals,5,2,R Parag,SV Samson,PP Shaw,0,0,0,0,0,0,0,0,0,,,
9,1,Rajasthan Royals,Delhi Capitals,5,3,SV Samson,YBK Jaiswal,RR Pant,0,0,0,0,0,0,4,0,4,,,
9,1,Rajasthan Royals,Delhi Capitals,5,4,YBK Jaiswal,R Parag,DA Warner,0,0,0,0,0,0,1,0,1,,,
9,1,Rajasthan Royals,Delhi Capitals,5,5,R Parag,SV Samson,PP Shaw,0,0,0,0,0,0,6,0,6,,,
9,1,Rajasthan Royals,Delhi Capitals,5,6,SV Samson,YBK Jaiswal,RR Pant,0,0,0,0,0,0,1,0,1,,,
9,1,Rajasthan Royals,Delhi Capitals,6,1,YBK Jaiswal,R Parag,DA Warner,0,0,0,0,0,0,2,0,2,,,
9,1,Rajasthan Royals,Delhi Capitals,6,2,R Parag,SV Samson,PP Shaw,0,0,0,0,0,0,0,0,0,SV Samson,caught,
9,1,Rajasthan Royals,Delhi Capitals,6,3,SV Samson,YBK Jaiswal,RR Pant,0,0,0,0,0,0,4,0,4,,,
9,1,Rajasthan Royals,Delhi Capitals,6,4,YBK Jaiswal,R Parag,DA Warner,0,0,0,0,0,0,1,0,1,,,
9,1,Rajasthan Royals,Delhi Capitals,6,5,R Parag,SV Samson,PP Shaw,0,0,0,0,0,0,6,0,6,,,
9,1,Rajasthan Royals,Delhi Capitals,6,6,SV Samson,YBK Jaiswal,RR Pant,0,0,0,0,0,0,1,0,1,,,
9,1,Rajasthan Royals,Delhi Capitals,7,1,YBK Jaiswal,R Parag,DA Warner,0,0,0,0,0,0,2,0,2,,,
9,1,Rajasthan Royals,Delhi Capitals,7,2,R Parag,SV Samson,PP Shaw,0,0,0,0,0,0,0,0,0,,,
9,1,Rajasthan Royals,Delhi Capitals,7,3,SV Samson,YBK Jaiswal,RR Pant,0,0,0,0,0,0,4,0,4,,,
9,1,Rajasthan Royals,Delhi Capitals,7,4,YBK Jaiswal,R Parag,DA Warner,0,0,0,0,0,0,1,0,1,,,
9,1,Rajasthan Royals,Delhi Capitals,7,5,R Parag,SV Samson,PP Shaw,0,0,0,0,0,0,6,0,6,,,
9,1,Rajasthan Royals,Delhi Capitals,7,6,SV Samson,YBK Jaiswal,RR Pant,0,0,0,0,0,0,1,0,1,,,
9,1,Rajasthan Royals,Delhi Capitals,8,1,YBK Jaiswal,R Parag,DA Warner,0,0,0,0,0,0,2,0,2,,,
9,1,Rajasthan Royals,Delhi Capitals,8,2,R Parag,SV Samson,PP Shaw,0,0,0,0,0,0,0,0,0,,,
9,1,Rajasthan Royals,Delhi Capitals,8,3,SV Samson,YBK Jaiswal,RR Pant,0,0,0,0,0,0,4,0,4,,,
9,1,Rajasthan Royals,Delhi Capitals,8,4,YBK Jaiswal,R Parag,DA Warner,0,0,0,0,0,0,1,0,1,,,
9,1,Rajasthan Royals,Delhi Capitals,8,5,R Parag,SV Samson,PP Shaw,0,0,0,0,0,0,6,0,6,,,
9,1,Rajasthan Royals,Delhi Capitals,8,6,SV Samson,YBK Jaiswal,RR Pant,0,0,0,0,0,0,1,0,1,,,
9,1,Rajasthan Royals,Delhi Capitals,9,1,YBK Jaiswal,R Parag,DA Warner,0,0,0,0,0,0,2,0,2,,,
9,1,Rajasthan Royals,Delhi Capitals,9,2,R Parag,SV Samson,PP Shaw,0,0,0,0,0,0,0,0,0,,,
9,1,Rajasthan Royals,Delhi Capitals,9,3,SV Samson,YBK Jaiswal,RR Pant,0,0,0,0,0,0,4,0,4,,,
9,1,Rajasthan Royals,Delhi Capitals,9,4,YBK Jaiswal,R Parag,DA Warner,0,0,0,0,0,0,1,0,1,,,
9,1,Rajasthan Royals,Delhi Capitals,9,5,R Parag,SV Samson,PP Shaw,0,0,0,0,0,0,6,0,6,,,
9,1,Rajasthan Royals,Delhi Capitals,9,6,SV Samson,YBK Jaiswal,RR Pant,0,0,0,0,0,0,1,0,1,,,
9,1,Rajasthan Royals,Delhi Capitals,10,1,YBK Jaiswal,R Parag,DA Warner,0,0,0,0,0,0,2,0,2,,,
9,1,Rajasthan Royals,Delhi Capitals,10,2,R Parag,SV Samson,PP Shaw,0,0,0,0,0,0,0,0,0,,,
9,1,Rajasthan Royals,Delhi Capitals,10,3,SV Samson,YBK Jaiswal,RR Pant,0,0,0,0,0,0,4,0,4,,,
9,1,Rajasthan Royals,Delhi Capitals,10,4,YBK Jaiswal,R Parag,DA Warner,0,0,0,0,0,0,1,0,1,,,
9,1,Rajasthan Royals,Delhi Capitals,10,5,R Parag,SV Samson,PP Shaw,0,0,0,0,0,0,6,0,6,,,
9,1,Rajasthan Royals,Delhi Capitals,10,6,SV Samson,YBK Jaiswal,RR Pant,0,0,0,0,0,0,1,0,1,,,
9,1,Rajasthan Royals,Delhi Capitals,11,1,YBK Jaiswal,R Parag,DA Warner,0,0,0,0,0,0,2,0,2,,,
9,1,Rajasthan Royals,Delhi Capitals,11,2,R Parag,SV Samson,PP Shaw,0,0,0,0,0,0,0,0,0,,,
9,1,Rajasthan Royals,Delhi Capitals,11,3,SV Samson,YBK Jaiswal,RR Pant,0,0,0,0,0,0,4,0,4,,,
9,1,Rajasthan Royals,Delhi Capitals,11,4,YBK Jaiswal,R Parag,DA Warner,0,0,0,0,0,0,1,0,1,,,
9,1,Rajasthan Royals,Delhi Capitals,11,5,R Parag,SV Samson,PP Shaw,0,0,0,0,0,0,6,0,6,,,
9,1,Rajasthan Royals,Delhi Capitals,11,6,SV Samson,YBK Jaiswal,RR Pant,0,0,0,0,0,0,1,0,1,,,
9,1,Rajasthan Royals,Delhi Capitals,12,1,YBK Jaiswal,R Parag,DA Warner,0,0,0,0,0,0,2,0,2,,,
9,1,Rajasthan Royals,Delhi Capitals,12,2,R Parag,SV Samson,PP Shaw,0,0,0,0,0,0,0,0,0,,,
9,1,Rajasthan Royals,Delhi Capitals,12,3,SV Samson,YBK Jaiswal,RR Pant,0,0,0,0,0,0,4,0,4,,,
9,1,Rajasthan Royals,Delhi Capitals,12,4,YBK Jaiswal,R Parag,DA Warner,0,0,0,0,0,0,1,0,1,,,
9,1,Rajasthan Royals,Delhi Capitals,12,5,R Parag,SV Samson,PP Shaw,0,0,0,0,0,0,6,0,6,,,
9,1,Rajasthan Royals,Delhi Capitals,12,6,SV Samson,YBK Jaiswal,RR Pant,0,0,0,0,0,0,4,0,4,,,
9,2,Delhi Capitals,Rajasthan Royals,0,1,PP Shaw,RR Pant,SV Samson,0,0,0,0,0,0,2,0,2,,,
9,2,Delhi Capitals,Rajasthan Royals,0,2,RR Pant,DA Warner,YBK Jaiswal,0,0,0,0,0,0,0,0,0,,,
9,2,Delhi Capitals,Rajasthan Royals,0,3,DA Warner,PP Shaw,R Parag,0,0,0,0,0,0,4,0,4,,,
9,2,Delhi Capitals,Rajasthan Royals,0,4,PP Shaw,RR Pant,SV Samson,0,0,0,0,0,0,1,0,1,,,
9,2,Delhi Capitals,Rajasthan Royals,0,5,RR Pant,DA Warner,YBK Jaiswal,0,0,0,0,0,0,6,0,6,,,
9,2,Delhi Capitals,Rajasthan Royals,0,6,DA Warner,PP Shaw,R Parag,0,0,0,0,0,0,1,0,1,,,
9,2,Delhi Capitals,Rajasthan Royals,1,1,PP Shaw,RR Pant,SV Samson,0,0,0,0,0,0,2,0,2,,,
9,2,Delhi Capitals,Rajasthan Royals,1,2,RR Pant,DA Warner,YBK Jaiswal,0,0,0,0,0,0,0,0,0,,,
9,2,Delhi Capitals,Rajasthan Royals,1,3,DA Warner,PP Shaw,R Parag,0,0,0,0,0,0,4,0,4,,,
9,2,Delhi Capitals,Rajasthan Royals,1,4,PP Shaw,RR Pant,SV Samson,0,0,0,0,0,0,1,0,1,,,
9,2,Delhi Capitals,Rajasthan Royals,1,5,RR Pant,DA Warner,YBK Jaiswal,0,0,0,0,0,0,6,0,6,,,
9,2,Delhi Capitals,Rajasthan Royals,1,6,DA Warner,PP Shaw,R Parag,0,0,0,0,0,0,1,0,1,,,
9,2,Delhi Capitals,Rajasthan Royals,2,1,PP Shaw,RR Pant,SV Samson,0,0,0,0,0,0,2,0,2,,,
9,2,Delhi Capitals,Rajasthan Royals,2,2,RR Pant,DA Warner,YBK Jaiswal,0,0,0,0,0,0,0,0,0,,,
9,2,Delhi Capitals,Rajasthan Royals,2,3,DA Warner,PP Shaw,R Parag,0,0,0,0,0,0,4,0,4,,,
9,2,Delhi Capitals,Rajasthan Royals,2,4,PP Shaw,RR Pant,SV Samson,0,0,0,0,0,0,1,0,1,,,
9,2,Delhi Capitals,Rajasthan Royals,2,5,RR Pant,DA Warner,YBK Jaiswal,0,0,0,0,0,0,6,0,6,,,
9,2,Delhi Capitals,Rajasthan Royals,2,6,DA Warner,PP Shaw,R Parag,0,0,0,0,0,0,1,0,1,,,
9,2,Delhi Capitals,Rajasthan Royals,3,1,PP Shaw,RR Pant,SV Samson,0,0,0,0,0,0,2,0,2,,,
9,2,Delhi Capitals,Rajasthan Royals,3,2,RR Pant,DA Warner,YBK Jaiswal,0,0,0,0,0,0,0,0,0,,,
9,2,Delhi Capitals,Rajasthan Royals,3,3,DA Warner,PP Shaw,R Parag,0,0,0,0,0,0,4,0,4,,,
9,2,Delhi Capitals,Rajasthan Royals,3,4,PP Shaw,RR Pant,SV Samson,0,0,0,0,0,0,1,0,1,,,
9,2,Delhi Capitals,Rajasthan Royals,3,5,RR Pant,DA Warner,YBK Jaiswal,0,0,0,0,0,0,6,0,6,,,
9,2,Delhi Capitals,Rajasthan Royals,3,6,DA Warner,PP Shaw,R Parag,0,0,0,0,0,0,1,0,1,,,
9,2,Delhi Capitals,Rajasthan Royals,4,1,PP Shaw,RR Pant,SV Samson,0,0,0,0,0,0,2,0,2,,,
9,2,Delhi Capitals,Rajasthan Royals,4,2,RR Pant,DA Warner,YBK Jaiswal,0,0,0,0,0,0,0,0,0,,,
9,2,Delhi Capitals,Rajasthan Royals,4,3,DA Warner,PP Shaw,R Parag,0,0,0,0,0,0,4,0,4,,,
9,2,Delhi Capitals,Rajasthan Royals,4,4,PP Shaw,RR Pant,SV Samson,0,0,0,0,0,0,1,0,1,,,
9,2,Delhi Capitals,Rajasthan Royals,4,5,RR Pant,DA Warner,YBK Jaiswal,0,0,0,0,0,0,6,0,6,,,
9,2,Delhi Capitals,Rajasthan Royals,4,6,DA Warner,PP Shaw,R Parag,0,0,0,0,0,0,1,0,1,,,
9,2,Delhi Capitals,Rajasthan Royals,5,1,PP Shaw,RR Pant,SV Samson,0,0,0,0,0,0,2,0,2,,,
9,2,Delhi Capitals,Rajasthan Royals,5,2,RR Pant,DA Warner,YBK Jaiswal,0,0,0,0,0,0,0,0,0,,,
9,2,Delhi Capitals,Rajasthan Royals,5,3,DA Warner,PP Shaw,R Parag,0,0,0,0,0,0,4,0,4,,,
9,2,Delhi Capitals,Rajasthan Royals,5,4,PP Shaw,RR Pant,SV Samson,0,0,0,0,0,0,1,0,1,,,
9,2,Delhi Capitals,Rajasthan Royals,5,5,RR Pant,DA Warner,YBK Jaiswal,0,0,0,0,0,0,6,0,6,,,
9,2,Delhi Capitals,Rajasthan Royals,5,6,DA Warner,PP Shaw,R Parag,0,0,0,0,0,0,1,0,1,,,
9,2,Delhi Capitals,Rajasthan Royals,6,1,PP Shaw,RR Pant,SV Samson,0,0,0,0,0,0,2,0,2,,,
9,2,Delhi Capitals,Rajasthan Royals,6,2,RR Pant,DA Warner,YBK Jaiswal,0,0,0,0,0,0,0,0,0,,,
9,2,Delhi Capitals,Rajasthan Royals,6,3,DA Warner,PP Shaw,R Parag,0,0,0,0,0,0,4,0,4,,,
9,2,Delhi Capitals,Rajasthan Royals,6,4,PP Shaw,RR Pant,SV Samson,0,0,0,0,0,0,1,0,1,,,
9,2,Delhi Capitals,Rajasthan Royals,6,5,RR Pant,DA Warner,YBK Jaiswal,0,0,0,0,0,0,6,0,6,,,
9,2,Delhi Capitals,Rajasthan Royals,6,6,DA Warner,PP Shaw,R Parag,0,0,0,0,0,0,1,0,1,,,
9,2,Delhi Capitals,Rajasthan Royals,7,1,PP Shaw,RR Pant,SV Samson,0,0,0,0,0,0,2,0,2,,,
9,2,Delhi Capitals,Rajasthan Royals,7,2,RR Pant,DA Warner,YBK Jaiswal,0,0,0,0,0,0,0,0,0,,,
9,2,Delhi Capitals,Rajasthan Royals,7,3,DA Warner,PP Shaw,R Parag,0,0,0,0,0,0,4,0,4,,,
9,2,Delhi Capitals,Rajasthan Royals,7,4,PP Shaw,RR Pant,SV Samson,0,0,0,0,0,0,1,0,1,,,
9,2,Delhi Capitals,Rajasthan Royals,7,5,RR Pant,DA Warner,YBK Jaiswal,0,0,0,0,0,0,6,0,6,,,
9,2,Delhi Capitals,Rajasthan Royals,7,6,DA Warner,PP Shaw,R Parag,0,0,0,0,0,0,1,0,1,,,
9,2,Delhi Capitals,Rajasthan Royals,8,1,PP Shaw,RR Pant,SV Samson,0,0,0,0,0,0,2,0,2,,,
9,2,Delhi Capitals,Rajasthan Royals,8,2,RR Pant,DA Warner,YBK Jaiswal,0,0,0,0,0,0,0,0,0,,,
9,2,Delhi Capitals,Rajasthan Royals,8,3,DA Warner,PP Shaw,R Parag,0,0,0,0,0,0,4,0,4,,,
9,2,Delhi Capitals,Rajasthan Royals,8,4,PP Shaw,RR Pant,SV Samson,0,0,0,0,0,0,1,0,1,,,
9,2,Delhi Capitals,Rajasthan Royals,8,5,RR Pant,DA Warner,YBK Jaiswal,0,0,0,0,0,0,6,0,6,,,
9,2,Delhi Capitals,Rajasthan Royals,8,6,DA Warner,PP Shaw,R Parag,0,0,0,0,0,0,1,0,1,,,
9,2,Delhi Capitals,Rajasthan Royals,9,1,PP Shaw,RR Pant,SV Samson,0,0,0,0,0,0,2,0,2,,,
9,2,Delhi Capitals,Rajasthan Royals,9,2,RR Pant,DA Warner,YBK Jaiswal,0,0,0,0,0,0,0,0,0,,,
9,2,Delhi Capitals,Rajasthan Royals,9,3,DA Warner,PP Shaw,R Parag,0,0,0,0,0,0,4,0,4,,,
9,2,Delhi Capitals,Rajasthan Royals,9,4,PP Shaw,RR Pant,SV Samson,0,0,0,0,0,0,1,0,1,,,
9,2,Delhi Capitals,Rajasthan Royals,9,5,RR Pant,DA Warner,YBK Jaiswal,0,0,0,0,0,0,6,0,6,,,
9,2,Delhi Capitals,Rajasthan Royals,9,6,DA Warner,PP Shaw,R Parag,0,0,0,0,0,0,1,0,1,,,
9,2,Delhi Capitals,Rajasthan Royals,10,1,PP Shaw,RR Pant,SV Samson,0,0,0,0,0,0,2,0,2,,,
9,2,Delhi Capitals,Rajasthan Royals,10,2,RR Pant,DA Warner,YBK Jaiswal,0,0,0,0,0,0,0,0,0,,,
9,2,Delhi Capitals,Rajasthan Royals,10,3,DA Warner,PP Shaw,R Parag,0,0,0,0,0,0,4,0,4,,,
9,2,Delhi Capitals,Rajasthan Royals,10,4,PP Shaw,RR Pant,SV Samson,0,0,0,0,0,0,1,0,1,,,
9,2,Delhi Capitals,Rajasthan Royals,10,5,RR Pant,DA Warner,YBK Jaiswal,0,0,0,0,0,0,6,0,6,,,
9,2,Delhi Capitals,Rajasthan Royals,10,6,DA Warner,PP Shaw,R Parag,0,0,0,0,0,0,1,0,1,,,
9,2,Delhi Capitals,Rajasthan Royals,11,1,PP Shaw,RR Pant,SV Samson,0,0,0,0,0,0,2,0,2,,,
9,2,Delhi Capitals,Rajasthan Royals,11,2,RR Pant,DA Warner,YBK Jaiswal,0,0,0,0,0,0,0,0,0,,,
9,2,Delhi Capitals,Rajasthan Royals,11,3,DA Warner,PP Shaw,R Parag,0,0,0,0,0,0,4,0,4,,,
9,2,Delhi Capitals,Rajasthan Royals,11,4,PP Shaw,RR Pant,SV Samson,0,0,0,0,0,0,1,0,1,,,
9,2,Delhi Capitals,Rajasthan Royals,11,5,RR Pant,DA Warner,YBK Jaiswal,0,0,0,0,0,0,6,0,6,,,
9,2,Delhi Capitals,Rajasthan Royals,11,6,DA Warner,PP Shaw,R Parag,0,0,0,0,0,0,6,0,6,,,
10,1,Mumbai Indians,Royal Challengers Bangalore,0,1,Ishan Kishan,Tilak Varma,V Kohli,0,0,0,0,0,0,2,0,2,,,
10,1,Mumbai Indians,Royal Challengers Bangalore,0,2,Tilak Varma,RG Sharma,F du Plessis,0,0,0,0,0,0,0,0,0,RG Sharma,caught,
10,1,Mumbai Indians,Royal Challengers Bangalore,0,3,RG Sharma,Ishan Kishan,RM Patidar,0,0,0,0,0,0,4,0,4,,,
10,1,Mumbai Indians,Royal Challengers Bangalore,0,4,Ishan Kishan,Tilak Varma,V Kohli,0,0,0,0,0,0,1,0,1,,,
10,1,Mumbai Indians,Royal Challengers Bangalore,0,5,Tilak Varma,RG Sharma,F du Plessis,0,0,0,0,0,0,6,0,6,,,
10,1,Mumbai Indians,Royal Challengers Bangalore,0,6,RG Sharma,Ishan Kishan,RM Patidar,0,0,0,0,0,0,1,0,1,,,
10,1,Mumbai Indians,Royal Challengers Bangalore,1,1,Ishan Kishan,Tilak Varma,V Kohli,0,0,0,0,0,0,2,0,2,,,
10,1,Mumbai Indians,Royal Challengers Bangalore,1,2,Tilak Varma,RG Sharma,F du Plessis,0,0,0,0,0,0,0,0,0,,,
10,1,Mumbai Indians,Royal Challengers Bangalore,1,3,RG Sharma,Ishan Kishan,RM Patidar,0,0,0,0,0,0,4,0,4,,,
10,1,Mumbai Indians,Royal Challengers Bangalore,1,4,Ishan Kishan,Tilak Varma,V Kohli,0,0,0,0,0,0,1,0,1,,,
10,1,Mumbai Indians,Royal Challengers Bangalore,1,5,Tilak Varma,RG Sharma,F du Plessis,0,0,0,0,0,0,6,0,6,,,
10,1,Mumbai Indians,Royal Challengers Bangalore,1,6,RG Sharma,Ishan Kishan,RM Patidar,0,0,0,0,0,0,1,0,1,,,
10,1,Mumbai Indians,Royal Challengers Bangalore,2,1,Ishan Kishan,Tilak Varma,V Kohli,0,0,0,0,0,0,2,0,2,,,
10,1,Mumbai Indians,Royal Challengers Bangalore,2,2,Tilak Varma,RG Sharma,F du Plessis,0,0,0,0,0,0,0,0,0,,,
10,1,Mumbai Indians,Royal Challengers Bangalore,2,3,RG Sharma,Ishan Kishan,RM Patidar,0,0,0,0,0,0,4,0,4,,,
10,1,Mumbai Indians,Royal Challengers Bangalore,2,4,Ishan Kishan,Tilak Varma,V Kohli,0,0,0,0,0,0,1,0,1,,,
10,1,Mumbai Indians,Royal Challengers Bangalore,2,5,Tilak Varma,RG Sharma,F du Plessis,0,0,0,0,0,0,6,0,6,,,
10,1,Mumbai Indians,Royal Challengers Bangalore,2,6,RG Sharma,Ishan Kishan,RM Patidar,0,0,0,0,0,0,1,0,1,,,
10,1,Mumbai Indians,Royal Challengers Bangalore,3,1,Ishan Kishan,Tilak Varma,V Kohli,0,0,0,0,0,0,2,0,2,,,
10,1,Mumbai Indians,Royal Challengers Bangalore,3,2,Tilak Varma,RG Sharma,F du Plessis,0,0,0,0,0,0,0,0,0,,,
10,1,Mumbai Indians,Royal Challengers Bangalore,3,3,RG Sharma,Ishan Kishan,RM Patidar,0,0,0,0,0,0,4,0,4,,,
10,1,Mumbai Indians,Royal Challengers Bangalore,3,4,Ishan Kishan,Tilak Varma,V Kohli,0,0,0,0,0,0,1,0,1,,,
10,1,Mumbai Indians,Royal Challengers Bangalore,3,5,Tilak Varma,RG Sharma,F du Plessis,0,0,0,0,0,0,6,0,6,,,
10,1,Mumbai Indians,Royal Challengers Bangalore,3,6,RG Sharma,Ishan Kishan,RM Patidar,0,0,0,0,0,0,1,0,1,,,
10,1,Mumbai Indians,Royal Challengers Bangalore,4,1,Ishan Kishan,Tilak Varma,V Kohli,0,0,0,0,0,0,2,0,2,,,
10,1,Mumbai Indians,Royal Challengers Bangalore,4,2,Tilak Varma,RG Sharma,F du Plessis,0,0,0,0,0,0,0,0,0,,,
10,1,Mumbai Indians,Royal Challengers Bangalore,4,3,RG Sharma,Ishan Kishan,RM Patidar,0,0,0,0,0,0,4,0,4,,,
10,1,Mumbai Indians,Royal Challengers Bangalore,4,4,Ishan Kishan,Tilak Varma,V Kohli,0,0,0,0,0,0,1,0,1,,,
10,1,Mumbai Indians,Royal Challengers Bangalore,4,5,Tilak Varma,RG Sharma,F du Plessis,0,0,0,0,0,0,6,0,6,,,
10,1,Mumbai Indians,Royal Challengers Bangalore,4,6,RG Sharma,Ishan Kishan,RM Patidar,0,0,0,0,0,0,1,0,1,,,
10,1,Mumbai Indians,Royal Challengers Bangalore,5,1,Ishan Kishan,Tilak Varma,V Kohli,0,0,0,0,0,0,2,0,2,,,
10,1,Mumbai Indians,Royal Challengers Bangalore,5,2,Tilak Varma,RG Sharma,F du Plessis,0,0,0,0,0,0,0,0,0,,,
10,1,Mumbai Indians,Royal Challengers Bangalore,5,3,RG Sharma,Ishan Kishan,RM Patidar,0,0,0,0,0,0,4,0,4,,,
10,1,Mumbai Indians,Royal Challengers Bangalore,5,4,Ishan Kishan,Tilak Varma,V Kohli,0,0,0,0,0,0,1,0,1,,,
10,1,Mumbai Indians,Royal Challengers Bangalore,5,5,Tilak Varma,RG Sharma,F du Plessis,0,0,0,0,0,0,6,0,6,,,
10,1,Mumbai Indians,Royal Challengers Bangalore,5,6,RG Sharma,Ishan Kishan,RM Patidar,0,0,0,0,0,0,1,0,1,,,
10,1,Mumbai Indians,Royal Challengers Bangalore,6,1,Ishan Kishan,Tilak Varma,V Kohli,0,0,0,0,0,0,2,0,2,,,
10,1,Mumbai Indians,Royal Challengers Bangalore,6,2,Tilak Varma,RG Sharma,F du Plessis,0,0,0,0,0,0,0,0,0,,,
10,1,Mumbai Indians,Royal Challengers Bangalore,6,3,RG Sharma,Ishan Kishan,RM Patidar,0,0,0,0,0,0,4,0,4,,,
10,1,Mumbai Indians,Royal Challengers Bangalore,6,4,Ishan Kishan,Tilak Varma,V Kohli,0,0,0,0,0,0,1,0,1,,,
10,1,Mumbai Indians,Royal Challengers Bangalore,6,5,Tilak Varma,RG Sharma,F du Plessis,0,0,0,0,0,0,6,0,6,,,
10,1,Mumbai Indians,Royal Challengers Bangalore,6,6,RG Sharma,Ishan Kishan,RM Patidar,0,0,0,0,0,0,1,0,1,,,
10,1,Mumbai Indians,Royal Challengers Bangalore,7,1,Ishan Kishan,Tilak Varma,V Kohli,0,0,0,0,0,0,2,0,2,,,
10,1,Mumbai Indians,Royal Challengers Bangalore,7,2,Tilak Varma,RG Sharma,F du Plessis,0,0,0,0,0,0,0,0,0,,,
10,1,Mumbai Indians,Royal Challengers Bangalore,7,3,RG Sharma,Ishan Kishan,RM Patidar,0,0,0,0,0,0,4,0,4,,,
10,1,Mumbai Indians,Royal Challengers Bangalore,7,4,Ishan Kishan,Tilak Varma,V Kohli,0,0,0,0,0,0,1,0,1,,,
10,1,Mumbai Indians,Royal Challengers Bangalore,7,5,Tilak Varma,RG Sharma,F du Plessis,0,0,0,0,0,0,6,0,6,,,
10,1,Mumbai Indians,Royal Challengers Bangalore,7,6,RG Sharma,Ishan Kishan,RM Patidar,0,0,0,0,0,0,1,0,1,,,
10,1,Mumbai Indians,Royal Challengers Bangalore,8,1,Ishan Kishan,Tilak Varma,V Kohli,0,0,0,0,0,0,2,0,2,,,
10,1,Mumbai Indians,Royal Challengers Bangalore,8,2,Tilak Varma,RG Sharma,F du Plessis,0,0,0,0,0,0,0,0,0,,,
10,1,Mumbai Indians,Royal Challengers Bangalore,8,3,RG Sharma,Ishan Kishan,RM Patidar,0,0,0,0,0,0,4,0,4,,,
10,1,Mumbai Indians,Royal Challengers Bangalore,8,4,Ishan Kishan,Tilak Varma,V Kohli,0,0,0,0,0,0,1,0,1,,,
10,1,Mumbai Indians,Royal Challengers Bangalore,8,5,Tilak Varma,RG Sharma,F du Plessis,0,0,0,0,0,0,6,0,6,,,
10,1,Mumbai Indians,Royal Challengers Bangalore,8,6,RG Sharma,Ishan Kishan,RM Patidar,0,0,0,0,0,0,1,0,1,,,
10,1,Mumbai Indians,Royal Challengers Bangalore,9,1,Ishan Kishan,Tilak Varma,V Kohli,0,0,0,0,0,0,2,0,2,,,
10,1,Mumbai Indians,Royal Challengers Bangalore,9,2,Tilak Varma,RG Sharma,F du Plessis,0,0,0,0,0,0,0,0,0,,,
10,1,Mumbai Indians,Royal Challengers Bangalore,9,3,RG Sharma,Ishan Kishan,RM Patidar,0,0,0,0,0,0,4,0,4,,,
10,1,Mumbai Indians,Royal Challengers Bangalore,9,4,Ishan Kishan,Tilak Varma,V Kohli,0,0,0,0,0,0,1,0,1,,,
10,1,Mumbai Indians,Royal Challengers Bangalore,9,5,Tilak Varma,RG Sharma,F du Plessis,0,0,0,0,0,0,6,0,6,,,
10,1,Mumbai Indians,Royal Challengers Bangalore,9,6,RG Sharma,Ishan Kishan,RM Patidar,0,0,0,0,0,0,1,0,1,,,
10,1,Mumbai Indians,Royal Challengers Bangalore,10,1,Ishan Kishan,Tilak Varma,V Kohli,0,0,0,0,0,0,2,0,2,,,
10,1,Mumbai Indians,Royal Challengers Bangalore,10,2,Tilak Varma,RG Sharma,F du Plessis,0,0,0,0,0,0,0,0,0,,,
10,1,Mumbai Indians,Royal Challengers Bangalore,10,3,RG Sharma,Ishan Kishan,RM Patidar,0,0,0,0,0,0,4,0,4,,,
10,1,Mumbai Indians,Royal Challengers Bangalore,10,4,Ishan Kishan,Tilak Varma,V Kohli,0,0,0,0,0,0,1,0,1,,,
10,1,Mumbai Indians,Royal Challengers Bangalore,10,5,Tilak Varma,RG Sharma,F du Plessis,0,0,0,0,0,0,6,0,6,,,
10,1,Mumbai Indians,Royal Challengers Bangalore,10,6,RG Sharma,Ishan Kishan,RM Patidar,0,0,0,0,0,0,1,0,1,,,
10,1,Mumbai Indians,Royal Challengers Bangalore,11,1,Ishan Kishan,Tilak Varma,V Kohli,0,0,0,0,0,0,2,0,2,,,
10,1,Mumbai Indians,Royal Challengers Bangalore,11,2,Tilak Varma,RG Sharma,F du Plessis,0,0,0,0,0,0,0,0,0,,,
10,1,Mumbai Indians,Royal Challengers Bangalore,11,3,RG Sharma,Ishan Kishan,RM Patidar,0,0,0,0,0,0,4,0,4,,,
10,1,Mumbai Indians,Royal Challengers Bangalore,11,4,Ishan Kishan,Tilak Varma,V Kohli,0,0,0,0,0,0,1,0,1,,,
10,1,Mumbai Indians,Royal Challengers Bangalore,11,5,Tilak Varma,RG Sharma,F du Plessis,0,0,0,0,0,0,6,0,6,,,
10,1,Mumbai Indians,Royal Challengers Bangalore,11,6,RG Sharma,Ishan Kishan,RM Patidar,0,0,0,0,0,0,1,0,1,,,
10,1,Mumbai Indians,Royal Challengers Bangalore,12,1,Ishan Kishan,Tilak Varma,V Kohli,0,0,0,0,0,0,2,0,2,,,
10,1,Mumbai Indians,Royal Challengers Bangalore,12,2,Tilak Varma,RG Sharma,F du Plessis,0,0,0,0,0,0,0,0,0,,,
10,1,Mumbai Indians,Royal Challengers Bangalore,12,3,RG Sharma,Ishan Kishan,RM Patidar,0,0,0,0,0,0,4,0,4,,,
10,1,Mumbai Indians,Royal Challengers Bangalore,12,4,Ishan Kishan,Tilak Varma,V Kohli,0,0,0,0,0,0,1,0,1,,,
10,1,Mumbai Indians,Royal Challengers Bangalore,12,5,Tilak Varma,RG Sharma,F du Plessis,0,0,0,0,0,0,6,0,6,,,
10,1,Mumbai Indians,Royal Challengers Bangalore,12,6,RG Sharma,Ishan Kishan,RM Patidar,0,0,0,0,0,0,1,0,1,,,
10,1,Mumbai Indians,Royal Challengers Bangalore,13,1,Ishan Kishan,Tilak Varma,V Kohli,0,0,0,0,0,0,2,0,2,,,
10,1,Mumbai Indians,Royal Challengers Bangalore,13,2,Tilak Varma,RG Sharma,F du Plessis,0,0,0,0,0,0,0,0,0,,,
10,1,Mumbai Indians,Royal Challengers Bangalore,13,3,RG Sharma,Ishan Kishan,RM Patidar,0,0,0,0,0,0,4,0,4,,,
10,1,Mumbai Indians,Royal Challengers Bangalore,13,4,Ishan Kishan,Tilak Varma,V Kohli,0,0,0,0,0,0,1,0,1,,,
10,1,Mumbai Indians,Royal Challengers Bangalore,13,5,Tilak Varma,RG Sharma,F du Plessis,0,0,0,0,0,0,6,0,6,,,
10,1,Mumbai Indians,Royal Challengers Bangalore,13,6,RG Sharma,Ishan Kishan,RM Patidar,0,0,0,0,0,0,1,0,1,,,
10,2,Royal Challengers Bangalore,Mumbai Indians,0,1,F du Plessis,RM Patidar,RG Sharma,0,0,0,0,0,0,2,0,2,,,
10,2,Royal Challengers Bangalore,Mumbai Indians,0,2,RM Patidar,V Kohli,Ishan Kishan,0,0,0,0,0,0,0,0,0,,,
10,2,Royal Challengers Bangalore,Mumbai Indians,0,3,V Kohli,F du Plessis,Tilak Varma,0,0,0,0,0,0,4,0,4,,,
10,2,Royal Challengers Bangalore,Mumbai Indians,0,4,F du Plessis,RM Patidar,RG Sharma,0,0,0,0,0,0,1,0,1,,,
10,2,Royal Challengers Bangalore,Mumbai Indians,0,5,RM Patidar,V Kohli,Ishan Kishan,0,0,0,0,0,0,6,0,6,,,
10,2,Royal Challengers Bangalore,Mumbai Indians,0,6,V Kohli,F du Plessis,Tilak Varma,0,0,0,0,0,0,1,0,1,,,
10,2,Royal Challengers Bangalore,Mumbai Indians,1,1,F du Plessis,RM Patidar,RG Sharma,0,0,0,0,0,0,2,0,2,,,
10,2,Royal Challengers Bangalore,Mumbai Indians,1,2,RM Patidar,V Kohli,Ishan Kishan,0,0,0,0,0,0,0,0,0,,,
10,2,Royal Challengers Bangalore,Mumbai Indians,1,3,V Kohli,F du Plessis,Tilak Varma,0,0,0,0,0,0,4,0,4,,,
10,2,Royal Challengers Bangalore,Mumbai Indians,1,4,F du Plessis,RM Patidar,RG Sharma,0,0,0,0,0,0,1,0,1,,,
10,2,Royal Challengers Bangalore,Mumbai Indians,1,5,RM Patidar,V Kohli,Ishan Kishan,0,0,0,0,0,0,6,0,6,,,
10,2,Royal Challengers Bangalore,Mumbai Indians,1,6,V Kohli,F du Plessis,Tilak Varma,0,0,0,0,0,0,1,0,1,,,
10,2,Royal Challengers Bangalore,Mumbai Indians,2,1,F du Plessis,RM Patidar,RG Sharma,0,0,0,0,0,0,2,0,2,,,
10,2,Royal Challengers Bangalore,Mumbai Indians,2,2,RM Patidar,V Kohli,Ishan Kishan,0,0,0,0,0,0,0,0,0,,,
10,2,Royal Challengers Bangalore,Mumbai Indians,2,3,V Kohli,F du Plessis,Tilak Varma,0,0,0,0,0,0,4,0,4,,,
10,2,Royal Challengers Bangalore,Mumbai Indians,2,4,F du Plessis,RM Patidar,RG Sharma,0,0,0,0,0,0,1,0,1,,,
10,2,Royal Challengers Bangalore,Mumbai Indians,2,5,RM Patidar,V Kohli,Ishan Kishan,0,0,0,0,0,0,6,0,6,,,
10,2,Royal Challengers Bangalore,Mumbai Indians,2,6,V Kohli,F du Plessis,Tilak Varma,0,0,0,0,0,0,1,0,1,,,
10,2,Royal Challengers Bangalore,Mumbai Indians,3,1,F du Plessis,RM Patidar,RG Sharma,0,0,0,0,0,0,2,0,2,,,
10,2,Royal Challengers Bangalore,Mumbai Indians,3,2,RM Patidar,V Kohli,Ishan Kishan,0,0,0,0,0,0,0,0,0,,,
10,2,Royal Challengers Bangalore,Mumbai Indians,3,3,V Kohli,F du Plessis,Tilak Varma,0,0,0,0,0,0,4,0,4,,,
10,2,Royal Challengers Bangalore,Mumbai Indians,3,4,F du Plessis,RM Patidar,RG Sharma,0,0,0,0,0,0,1,0,1,,,
10,2,Royal Challengers Bangalore,Mumbai Indians,3,5,RM Patidar,V Kohli,Ishan Kishan,0,0,0,0,0,0,6,0,6,,,
10,2,Royal Challengers Bangalore,Mumbai Indians,3,6,V Kohli,F du Plessis,Tilak Varma,0,0,0,0,0,0,1,0,1,,,
10,2,Royal Challengers Bangalore,Mumbai Indians,4,1,F du Plessis,RM Patidar,RG Sharma,0,0,0,0,0,0,2,0,2,,,
10,2,Royal Challengers Bangalore,Mumbai Indians,4,2,RM Patidar,V Kohli,Ishan Kishan,0,0,0,0,0,0,0,0,0,,,
10,2,Royal Challengers Bangalore,Mumbai Indians,4,3,V Kohli,F du Plessis,Tilak Varma,0,0,0,0,0,0,4,0,4,,,
10,2,Royal Challengers Bangalore,Mumbai Indians,4,4,F du Plessis,RM Patidar,RG Sharma,0,0,0,0,0,0,1,0,1,,,
10,2,Royal Challengers Bangalore,Mumbai Indians,4,5,RM Patidar,V Kohli,Ishan Kishan,0,0,0,0,0,0,6,0,6,,,
10,2,Royal Challengers Bangalore,Mumbai Indians,4,6,V Kohli,F du Plessis,Tilak Varma,0,0,0,0,0,0,1,0,1,,,
10,2,Royal Challengers Bangalore,Mumbai Indians,5,1,F du Plessis,RM Patidar,RG Sharma,0,0,0,0,0,0,2,0,2,,,
10,2,Royal Challengers Bangalore,Mumbai Indians,5,2,RM Patidar,V Kohli,Ishan Kishan,0,0,0,0,0,0,0,0,0,V Kohli,caught,
10,2,Royal Challengers Bangalore,Mumbai Indians,5,3,V Kohli,F du Plessis,Tilak Varma,0,0,0,0,0,0,4,0,4,,,
10,2,Royal Challengers Bangalore,Mumbai Indians,5,4,F du Plessis,RM Patidar,RG Sharma,0,0,0,0,0,0,1,0,1,,,
10,2,Royal Challengers Bangalore,Mumbai Indians,5,5,RM Patidar,V Kohli,Ishan Kishan,0,0,0,0,0,0,6,0,6,,,
10,2,Royal Challengers Bangalore,Mumbai Indians,5,6,V Kohli,F du Plessis,Tilak Varma,0,0,0,0,0,0,1,0,1,,,
10,2,Royal Challengers Bangalore,Mumbai Indians,6,1,F du Plessis,RM Patidar,RG Sharma,0,0,0,0,0,0,2,0,2,,,
10,2,Royal Challengers Bangalore,Mumbai Indians,6,2,RM Patidar,V Kohli,Ishan Kishan,0,0,0,0,0,0,0,0,0,,,
10,2,Royal Challengers Bangalore,Mumbai Indians,6,3,V Kohli,F du Plessis,Tilak Varma,0,0,0,0,0,0,4,0,4,,,
10,2,Royal Challengers Bangalore,Mumbai Indians,6,4,F du Plessis,RM Patidar,RG Sharma,0,0,0,0,0,0,1,0,1,,,
10,2,Royal Challengers Bangalore,Mumbai Indians,6,5,RM Patidar,V Kohli,Ishan Kishan,0,0,0,0,0,0,6,0,6,,,
10,2,Royal Challengers Bangalore,Mumbai Indians,6,6,V Kohli,F du Plessis,Tilak Varma,0,0,0,0,0,0,1,0,1,,,
10,2,Royal Challengers Bangalore,Mumbai Indians,7,1,F du Plessis,RM Patidar,RG Sharma,0,0,0,0,0,0,2,0,2,,,
10,2,Royal Challengers Bangalore,Mumbai Indians,7,2,RM Patidar,V Kohli,Ishan Kishan,0,0,0,0,0,0,0,0,0,,,
10,2,Royal Challengers Bangalore,Mumbai Indians,7,3,V Kohli,F du Plessis,Tilak Varma,0,0,0,0,0,0,4,0,4,,,
10,2,Royal Challengers Bangalore,Mumbai Indians,7,4,F du Plessis,RM Patidar,RG Sharma,0,0,0,0,0,0,1,0,1,,,
10,2,Royal Challengers Bangalore,Mumbai Indians,7,5,RM Patidar,V Kohli,Ishan Kishan,0,0,0,0,0,0,6,0,6,,,
10,2,Royal Challengers Bangalore,Mumbai Indians,7,6,V Kohli,F du Plessis,Tilak Varma,0,0,0,0,0,0,1,0,1,,,
10,2,Royal Challengers Bangalore,Mumbai Indians,8,1,F du Plessis,RM Patidar,RG Sharma,0,0,0,0,0,0,2,0,2,,,
10,2,Royal Challengers Bangalore,Mumbai Indians,8,2,RM Patidar,V Kohli,Ishan Kishan,0,0,0,0,0,0,0,0,0,,,
10,2,Royal Challengers Bangalore,Mumbai Indians,8,3,V Kohli,F du Plessis,Tilak Varma,0,0,0,0,0,0,4,0,4,,,
10,2,Royal Challengers Bangalore,Mumbai Indians,8,4,F du Plessis,RM Patidar,RG Sharma,0,0,0,0,0,0,1,0,1,,,
10,2,Royal Challengers Bangalore,Mumbai Indians,8,5,RM Patidar,V Kohli,Ishan Kishan,0,0,0,0,0,0,6,0,6,,,
10,2,Royal Challengers Bangalore,Mumbai Indians,8,6,V Kohli,F du Plessis,Tilak Varma,0,0,0,0,0,0,1,0,1,,,
10,2,Royal Challengers Bangalore,Mumbai Indians,9,1,F du Plessis,RM Patidar,RG Sharma,0,0,0,0,0,0,2,0,2,,,
10,2,Royal Challengers Bangalore,Mumbai Indians,9,2,RM Patidar,V Kohli,Ishan Kishan,0,0,0,0,0,0,0,0,0,,,
10,2,Royal Challengers Bangalore,Mumbai Indians,9,3,V Kohli,F du Plessis,Tilak Varma,0,0,0,0,0,0,4,0,4,,,
10,2,Royal Challengers Bangalore,Mumbai Indians,9,4,F du Plessis,RM Patidar,RG Sharma,0,0,0,0,0,0,1,0,1,,,
10,2,Royal Challengers Bangalore,Mumbai Indians,9,5,RM Patidar,V Kohli,Ishan Kishan,0,0,0,0,0,0,6,0,6,,,
10,2,Royal Challengers Bangalore,Mumbai Indians,9,6,V Kohli,F du Plessis,Tilak Varma,0,0,0,0,0,0,1,0,1,,,
10,2,Royal Challengers Bangalore,Mumbai Indians,10,1,F du Plessis,RM Patidar,RG Sharma,0,0,0,0,0,0,2,0,2,,,
10,2,Royal Challengers Bangalore,Mumbai Indians,10,2,RM Patidar,V Kohli,Ishan Kishan,0,0,0,0,0,0,0,0,0,,,
10,2,Royal Challengers Bangalore,Mumbai Indians,10,3,V Kohli,F du Plessis,Tilak Varma,0,0,0,0,0,0,4,0,4,,,
10,2,Royal Challengers Bangalore,Mumbai Indians,10,4,F du Plessis,RM Patidar,RG Sharma,0,0,0,0,0,0,1,0,1,,,
10,2,Royal Challengers Bangalore,Mumbai Indians,10,5,RM Patidar,V Kohli,Ishan Kishan,0,0,0,0,0,0,6,0,6,,,
10,2,Royal Challengers Bangalore,Mumbai Indians,10,6,V Kohli,F du Plessis,Tilak Varma,0,0,0,0,0,0,1,0,1,,,
10,2,Royal Challengers Bangalore,Mumbai Indians,11,1,F du Plessis,RM Patidar,RG Sharma,0,0,0,0,0,0,2,0,2,,,
10,2,Royal Challengers Bangalore,Mumbai Indians,11,2,RM Patidar,V Kohli,Ishan Kishan,0,0,0,0,0,0,0,0,0,,,
10,2,Royal Challengers Bangalore,Mumbai Indians,11,3,V Kohli,F du Plessis,Tilak Varma,0,0,0,0,0,0,4,0,4,,,
10,2,Royal Challengers Bangalore,Mumbai Indians,11,4,F du Plessis,RM Patidar,RG Sharma,0,0,0,0,0,0,1,0,1,,,
10,2,Royal Challengers Bangalore,Mumbai Indians,11,5,RM Patidar,V Kohli,Ishan Kishan,0,0,0,0,0,0,6,0,6,,,
10,2,Royal Challengers Bangalore,Mumbai Indians,11,6,V Kohli,F du Plessis,Tilak Varma,0,0,0,0,0,0,1,0,1,,,
10,2,Royal Challengers Bangalore,Mumbai Indians,12,1,F du Plessis,RM Patidar,RG Sharma,0,0,0,0,0,0,2,0,2,,,
10,2,Royal Challengers Bangalore,Mumbai Indians,12,2,RM Patidar,V Kohli,Ishan Kishan,0,0,0,0,0,0,0,0,0,,,
10,2,Royal Challengers Bangalore,Mumbai Indians,12,3,V Kohli,F du Plessis,Tilak Varma,0,0,0,0,0,0,4,0,4,,,
10,2,Royal Challengers Bangalore,Mumbai Indians,12,4,F du Plessis,RM Patidar,RG Sharma,0,0,0,0,0,0,1,0,1,,,
10,2,Royal Challengers Bangalore,Mumbai Indians,12,5,RM Patidar,V Kohli,Ishan Kishan,0,0,0,0,0,0,6,0,6,,,
10,2,Royal Challengers Bangalore,Mumbai Indians,12,6,V Kohli,F du Plessis,Tilak Varma,0,0,0,0,0,0,1,0,1,,,
10,2,Royal Challengers Bangalore,Mumbai Indians,13,1,F du Plessis,RM Patidar,RG Sharma,0,0,0,0,0,0,2,0,2,,,
10,2,Royal Challengers Bangalore,Mumbai Indians,13,2,RM Patidar,V Kohli,Ishan Kishan,0,0,0,0,0,0,5,0,5,,,
